id,filename,alt,decodedWidth,decodedHeight,focusScore,heroSuitable,gallerySuitable,flags,error
med_0008654109f426694f4a530e,000754-efa16a96c3a4f215d8b6213508036ea18896e977.jpeg,Adam Ondra and Rockbusters Siurana.jpg,4040,2712,1649.02,true,true,,
med_001a3e5953019d496b44e569,000189-f5c89dcd0025ddc26cb182d3283e861812f6382c.jpeg,Kerstin Margalef 5.jpg,3519,2243,608.59,true,true,,
med_009e9701f95d70123808521b,001373-22986fc25067d6eb56774f0c15b03b5d7053b87f.jpeg,DSCF2034.jpg,912,684,2565.11,false,false,gallery-resolution-too-small;hero-resolution-too-small,
med_00b7fa264efbf46a3e454706,000749-ae73d6e5d20c8e87ccf84fa528313988f37f200b.jpeg,Johann Adam Ondra & Patxi Usobiaga work shop Rockbusters.net (3).jpg,1000,1500,738.19,false,true,hero-resolution-too-small,
med_00d24ad9660fbb831f838d59,001045-ee096dc37927c698a2484d9610e2f77a2b47212e.jpeg,lindule.jpeg,500,500,660.54,false,false,gallery-resolution-too-small;hero-resolution-too-small;near-duplicate;near-duplicate,
med_00d80ec973541d08c95c7ae5,000797-e49b5cd269bce03aea03ae78ae16c933962213ca.jpeg,bouldering Albarracin.jpg,3992,1191,1473.29,false,true,hero-resolution-too-small,
med_010319af5c01aeeca140d634,000507-096208c7de0a8818c195ac8b074c8211b49340e2.jpeg,Monserat Paret de Diables y la sombra de la aguja Caval Bernat.JPG,4608,3456,1388.77,true,true,,
med_013b63a97e5d7f7aa1cf4ba7,000918-e145b6378aef803b2211a38d0340434bd3443d58.jpeg,"Jany, Chamonix, Aiguille du Midi, Contamine 7a+, rockbusters.net.jpg",1200,358,2608.2,false,false,gallery-resolution-too-small;hero-resolution-too-small,
med_016f9aa742923d18ea6f193f,000216-56c0268479fb51460eb54e72d6ba790a1ba02e7b.jpeg,alex margaler 2.jpg,640,960,1439.37,false,false,gallery-resolution-too-small;hero-resolution-too-small,
med_017120a194fe70fdadb8f774,000134-e328deb89356ab9b270420e94ca5e75e7ef0ebcc.jpeg,Minoru Finale Ligure 4.jpg,4000,2248,1081.38,true,true,,
med_01725a97dfb6c8563e9374da,001248-0d2fac8b9f7e484667f9d7a29c623373ff961db7.jpeg,Klemen Klondike Cat 11- Frankenjura rockbusters.net 9.jpg,4375,2917,1349.36,true,true,,
med_01956a89fd0213016cac7dd7,000548-7a4e2225dcc78b0d48528007483ee743271774f6.jpeg,Rodellar.JPG,3648,2736,1184.1,true,true,,
med_01c3b867d54216e749848928,000257-59a0c7eae763584674f072d1a1ed02f06d87e7d1.jpeg,doke en mal de amores 03.jpg,945,1394,1223.02,false,true,hero-resolution-too-small;near-duplicate,
med_0209c75d51ebbbc41d1f89c0,001458-7925d3b949d71361d112a8c14b8987d08740429b.jpeg,WhatsApp Image 2025-10-23 at 12.02.00_d0ae1427_1.jpg,1110,709,2843.55,false,false,gallery-resolution-too-small;hero-resolution-too-small,
med_0219a95dedc9310f0da0b04e,000541-29ae30385af66af5761acfcb66c028ef62ac327b.jpeg,trad multi pitch7.JPG,3456,4608,2368.25,true,true,,
med_0232a585d2041e1b1a723bc1,000737-95edc47f0f0ac0de61018878871bae7da71c004a.jpeg,pajka.jpg,2736,2360,2041.66,true,true,,
med_025b5d4358cc4880f429268a,000247-a19c26be5b3fcf268016ffca39f29e488ec94d31.jpeg,Shelly Rodellar 3.jpg,1265,2659,1555.02,false,true,hero-resolution-too-small,
med_02e2cd104465bcb49e0ab0fa,000575-8f34ad14674361abf70b0b0783676757b97d78c2.jpeg,Oliana panorama.JPG,1600,1195,4522.58,false,true,hero-resolution-too-small,
med_030be6289781981db01ebdee,000036-010e0dfbd5f63aa7cd0d48b587687617b063e029.jpeg,Ceuse 1.jpg,4000,2248,52.92,false,false,focus-review,
med_031f72881a363630bf64d7e6,001372-61607a89376c34a59cd70b2f6c3928cd3507c08a.jpeg,DSCF2028.jpg,912,684,860.43,false,false,gallery-resolution-too-small;hero-resolution-too-small,
med_036830d79fbb85d8bafbbabc,000188-656729f077eeb958b317b03a1adda67d7a9b1110.jpeg,Kerstin Margalef 4.jpg,1313,3007,912.43,false,true,hero-resolution-too-small;near-duplicate,
med_03a89740b95109e2bb4c03a0,000524-e5644909e7930c41ef7f16a5d253887bc924010d.jpeg,vilanova de meia Musical Express croquis.jpg,1536,1152,2752.33,false,true,hero-resolution-too-small,
med_03b2bb11445d45faa1d5277f,000817-720d8ed3e9907e2ebc0a5ffc0cd66b2a2c117357.jpeg,jany default 3.jpg,1200,358,1802.83,false,false,gallery-resolution-too-small;hero-resolution-too-small;near-duplicate,
med_03ce94078a96c911db51d183,000415-380195e58c369bc5203c7d84a4f8450b0af0b02b.jpeg,P1050035.JPG,3056,856,665.64,false,true,hero-resolution-too-small,
med_041cf2af18ebad7f66555747,000587-af2933fdab6c8c83896d2fb0e61131f9444617a4.jpeg,Gerald2-Sella-ClimbingSpain2016-Rockbusters.net.jpg,2740,1863,2173.64,true,true,,
med_043226c1532d53d46bf2def9,001356-5e080d4c2534c04ba915d1de3966f41eb7aa5392.jpeg,Training 9.JPG,957,437,2468.46,false,false,gallery-resolution-too-small;hero-resolution-too-small,
med_046b40e59a2cc82a8f5a7840,000780-37a402ea9ba0217da2a4d8697dfcd17607882280.jpeg,FB_image-for-margalef-link.jpg,1200,629,3809.56,false,false,gallery-resolution-too-small;hero-resolution-too-small,
med_046bb08cd262ec5ba59b7051,001376-a348b0b2f7a523178602de2af61aa7eeb6d876ae.jpeg,"Prudence, Ultimo Mono 8b, Wildside, Sella, Spain, rockbusters.net (14).JPG",1252,835,915.09,false,true,hero-resolution-too-small,
med_046cd8b5a1fe88601fcea2e9,000569-09c433e336a4bb3538a2d3874daa851ea01a890f.jpeg,Petra_Rockbusters_Rodellar.jpg,728,960,4469.25,false,false,gallery-resolution-too-small;hero-resolution-too-small,
med_049dd2408572a13af3022b61,000300-627299fc195fd0e811f4e00600cdf439015d6d6f.jpeg,IMG_1965.JPG,1600,1200,984.77,false,true,hero-resolution-too-small,
med_04aa9a83470575fee1982a84,000963-358e153778dcd1b1f1d75b0a744c0c4b44fb9b07.jpeg,IMG_1387_narrow.JPG,1340,589,1425.88,false,false,gallery-resolution-too-small;hero-resolution-too-small,
med_04b3c59a16e190c0c0f440b9,001377-5727a8f4b95fb597f0472caaebb9696014290427.jpeg,"Prudence, Ultimo Mono 8b, Wildside, Sella, Spain, rockbusters.net (14).JPG",1252,835,915.09,false,true,hero-resolution-too-small;exact-duplicate,
med_04b99bd700bf84afdb9589c0,000901-10c62fdde40f9aa84377345765c35f33401631f1.png,27Crags_mapview.png,1532,820,2073.47,false,true,hero-resolution-too-small,
med_04bd5396989d209ca67d6e37,000361-988d03ca1b45e97d4efbbb1e33b0ea9c73afcc75.jpeg,basque country3.jpg,800,450,862.63,false,false,gallery-resolution-too-small;hero-resolution-too-small,
med_04dbf0c6d8dde9ffd9722379,001273-30a7b4c9c908623585647ab2d5f002e93c2ab697.jpeg,"Rado, 7b+, Tres Ponts, Patxi Usobiaga Advance Sport Climbing Course rockbusters.net.jpg",1723,3537,1954.64,true,true,,
med_04ea3e91c71559476142a893,001321-35dbb5f9fc00330935563652e0b231f090a4f80a.png,rafiki.png,839,271,6572.21,false,false,gallery-resolution-too-small;hero-resolution-too-small,
med_04ea89c5d44cfa806942f18c,000806-0209f2b470feccc8588be53a044638ef0cc15f89.jpeg,Jany default 2.jpg,1200,358,1977.51,false,false,gallery-resolution-too-small;hero-resolution-too-small;near-duplicate,
med_055048f2e48312fe1cd1af14,000910-63289e30c9d949c348c109e56b6454ac3c94e130.jpeg,"Abdul, Rodellar, Vis a Vis 7a 2.jpg",2536,1694,2069.93,true,true,,
med_0566d37def90cd9759a2e9ec,001203-18254b38ad96fc2de324f73af2929d2acf28d337.jpeg,riglos.jpg,1200,765,1341.24,false,false,gallery-resolution-too-small;hero-resolution-too-small,
med_05ae0db24265aa08b40411fc,000226-f1e03f8801b54cf2725f5e4c068f60a46d61d15c.jpeg,Laszlo Rodellar.JPG,4000,2248,2145.24,true,true,,
med_05c09a7c2f6088ae49dc55ae,000707-300b994a9eb6ad7e58c590dfbb9d84faf7780bfd.jpeg,LaGonte3.JPG,2288,1280,2224.73,false,true,hero-resolution-too-small,
med_06729d9ec5f55879e480b9a8,001205-66690dae8c26bb6d04757f631afbbcfe3e86bd76.png,SNOWBUSTER_LOGO-02.png,2462,1400,1169.7,true,true,,
med_069411e4f998537f7b41627b,001067-50336da0c449b23d45e8f6b287b198f521e34ee6.jpeg,Charizze Climbing Trip Europe Gorges du Tarn 2018 rockbusters.net (3).JPG,867,1300,546.31,false,true,hero-resolution-too-small,
med_06a0c7a0b72b4c502161bcd1,001245-4b7c862444d7f181f69b81f7adfc2b297ceb8a5d.jpeg,Andrlac Fear Factory 9 Frankenjura rockbusters.net 6.jpg,4152,2768,1746.54,true,true,,
med_06baabc6f8a196630c31079b,000528-1177393d4793cd0294043f55409a0a012afc94a6.jpeg,vilanova de meia1.JPG,3000,4000,2502.62,true,true,,
med_06e0be58027ed68d33faf7cc,000570-ba990d8a6dc89c56aba447dac3bfb0c0af32fca6.jpeg,Brother Rodellar.jpg,1000,1500,2280.77,false,true,hero-resolution-too-small,
med_06f41c6f0e6909c4572489a1,000844-8e4bb8455f8bedaf27675ef0db2d07d096e71c95.png,watermark1.png,945,472,8149.54,false,false,gallery-resolution-too-small;hero-resolution-too-small,
med_06f8204b254d37a65ea841e2,001242-8753e46ef73fc9a19fe98f9e6b58e2dc6dd6fe55.jpeg,Matej Ejaculacion 8 Frankenjura 2021 rockbusters.net.jpg,5384,3589,1596.02,true,true,,
med_07103e8c5598d158ca8e1583,000671-d27eb031df1d5face1dd4df73e08d85cc96e1b0b.jpeg,Linda Ceuse.JPG,1300,867,302.12,false,false,focus-review;hero-resolution-too-small,
med_071d69aa9bbfe1e7799552df,000402-44d1b2bb0d8e2cf42d9336c2fc0d69044b4cccda.jpeg,kalymnos2.jpg,800,613,2319,false,false,gallery-resolution-too-small;hero-resolution-too-small,
med_073538cba8aaa9b4bf3b2df6,000364-805f374e090946b1112c234d9c7209a2afece0a8.jpeg,basque country6.JPG,800,600,3593.96,false,false,gallery-resolution-too-small;hero-resolution-too-small,
med_0763b5dce612b60fd9e53a37,001096-4d2ab1175d0a6b7f64b72f0dcc7ce44cf2708c35.jpeg,Hege Oltre Finale www.rockbusters.net.jpg,1300,867,1478.46,false,true,hero-resolution-too-small;near-duplicate,
med_076e7f6e6051fa296be73d60,000967-015a230f51fdffec4218fa09923cd72bdd288d2b.jpeg,IMG_2671 copy.JPG,1350,900,2326.49,false,true,hero-resolution-too-small,
med_07885595ad140c019c28db18,000220-f9ff779a7c4dcdc5575c45efcc1911747a4113cf.jpeg,jany margalef 4.jpg,960,640,1840.7,false,false,gallery-resolution-too-small;hero-resolution-too-small,
med_07e71d2db7f033f6504603e4,000308-975debe3ad30acdb861b69f47c056ac47fd9a045.jpeg,EdSella2.JPG,2448,3264,1279.41,true,true,,
med_08716e27829cba167a25e6e1,000396-fd03533955186243822e5d598e5e93108e776b7a.jpeg,kalymnos1.jpg,800,532,1189.26,false,false,gallery-resolution-too-small;hero-resolution-too-small;near-duplicate,
med_0880d47a3fda40b56ab0bd88,000742-851d6ede1c5090042c9b02143d37b834856e730b.jpeg,Jan Mallorca DWS.JPG,1300,867,1729.55,false,true,hero-resolution-too-small,
med_08cd71f0bf58dd525fd84790,000049-1147eb086f81dc5ca58f33c097c4ac9a7fe14a80.jpeg,Ray Ceuse 6.jpg,4000,2248,487.98,true,true,,
med_09afb9214056e34cec499dd7,000153-08a18eaa87ea40c3884aa57ff0c023ae187d3aca.jpeg,Hege Gorges du Tarn 9.jpg,912,1588,2821.93,false,true,hero-resolution-too-small,
med_09f29ccf469b9bb63d3a0054,001091-6353e15070e61b53bc7b9eb5cfa2a4b24a6bac15.jpeg,Céüse climbing,1300,867,1588.65,false,true,hero-resolution-too-small,
med_0a2be826f40c0be657bce6c1,001261-4917a8199ef820ce8ce3a7f07046733e2767c3da.jpeg,"Patxi, 8b, somewhere in Catalunya 1, Patxi Usobiaga Advance Sport Climbing Course rockbusters.net.jpg",1047,1571,3432.27,false,true,hero-resolution-too-small,
med_0a47d2e4173c30c3883f4199,000964-9feb132b6ec0f643ac9bae71bb75de1ae89911e2.jpeg,IMG_1426 copy.JPG,1350,2025,2161.31,false,true,hero-resolution-too-small,
med_0a5322ad04f77a58eef963bc,000568-c2465ebe43bc2c088d2b026470bbdf94d2b24e5c.jpeg,Petra_Rockbusters_Rodellar1.jpg,528,494,2363.75,false,false,gallery-resolution-too-small;hero-resolution-too-small,
med_0a82b238b6972bd44c3df716,000666-5941ecc61947be7fbe97a26bf9442fe0063e6234.jpeg,Jany Ceuse (4).JPG,1300,867,872.78,false,true,hero-resolution-too-small,
med_0a8e7943c6d9e4f4871e0618,000342-89aa57d356539732458169dd8f0b130664c6f402.jpeg,albarracin 5.jpg,800,534,442.1,false,false,gallery-resolution-too-small;hero-resolution-too-small,
med_0b05fb8c77baa89328424163,001288-554946e37c22a1788a816e420f00b84f76424e65.jpeg,Andrlac Fear Factory 9 Frankenjura rockbusters.net 1.jpg,4639,3092,1974.8,true,true,,
med_0b1ed9faa41157366289c86e,000564-d11f335bdd4422aa1a4d16786f4fb12604fcdf4c.jpeg,Blin_Rockbusters_Rodellar.jpg,304,206,1958.62,false,false,gallery-resolution-too-small;hero-resolution-too-small,
med_0b36b1960a2e5266a86c3760,000536-6b95f2cc6847dbc1d9de4a80d3094849ef092685.jpeg,trad multi pitch2.JPG,4608,3456,3222.38,true,true,,
med_0b607334198efca36d784b2c,000200-b8ff8e9546de7a6596fba357fc3d4a7c8c22c4d5.jpeg,Mike Margalef.jpg,4000,2248,600.15,true,true,,
med_0b8700d476e1d922e0676a41,000623-bb452cc3ae4941e4b1668b4ac5c3fa43667bf425.jpeg,Jany_singingrock3_Rodellar.jpg,2600,3880,2396.17,true,true,,
med_0bbc7110df732882ff7253bb,000696-ee9470338197b572a1fd3a17a9fbf6b416028a2d.jpeg,Quim Oltre Finale.JPG,1300,867,877.56,false,true,hero-resolution-too-small,
med_0bd2a74b711c3aecd4786e5e,000167-e33cced052b25e0dab371e238cd935d0dcb473bb.jpeg,Ray Gorges du Tarn.jpg,1363,2221,2435.25,false,true,hero-resolution-too-small,
med_0c20b91e561162cd6458ce07,000650-16e8cfabca343b19d183a70f4936e3dbe3a73aa9.jpeg,Daila Ojeda jan novak.JPG,750,750,1210.33,false,false,gallery-resolution-too-small;hero-resolution-too-small,
med_0c500d968583fdba7b52ae75,000670-caa50272a27067ba2058f842760ffc8977a86cb8.jpeg,Jason Ceuse.jpg,1300,867,528.84,false,true,hero-resolution-too-small,
med_0c6c6b51190eb4bb8532be75,000437-f2ee441579bdf0ebbfb1d9c73b437bb2d4d27c86.png,novak_palice.png,67,68,795.92,false,false,gallery-resolution-too-small;hero-resolution-too-small,
med_0cc246ee1cc47d8937228ff7,000164-04602c423650a9efcc625a91a88a9bb2ce8a6e9c.jpeg,Jenda Gorges du Tarn.jpg,2464,1597,1839.39,true,true,,
med_0d40dc3ee974b84e30a6d25f,000583-3d5308249921ac62a7a786409f6041cd8370a555.jpeg,Andrew-Sella-ClimbingSpain2016-Rockbusters.net.jpg,2864,1420,738.26,true,true,,
med_0d7554aadd67d2bb3a2317f5,000404-0332a09a7265eb668b0e15c302bc51d4d4158640.jpeg,kalymnos4.jpg,800,1067,1140.5,false,false,gallery-resolution-too-small;hero-resolution-too-small,
med_0d922ef1caca209e1c62bb23,000246-e8aaf9d686c1c84ae2eb701d1d27ee71c9e9aa66.jpeg,Shelly Rodellar 2.jpg,1340,2013,2402.27,false,true,hero-resolution-too-small,
med_0dcc554c21e4541b9eaf8f37,001063-8483864dfce553e4298e702408f8672b830af607.png,logo-oeav-full.png,150,54,8727.6,false,false,gallery-resolution-too-small;hero-resolution-too-small,
med_0de3f53c6c8b2e3b80fddc18,000107-a6932646e2defb5cd0954bdb8e391ddbd264a976.jpeg,Zillertal.jpg,100,62,3825.6,false,false,gallery-resolution-too-small;hero-resolution-too-small,
med_0de75b2602ae62ac872f866d,001056-149eb0cd9331fc74727b473b9aa21c728960cca8.jpeg,IMG_20191014_091933.jpg,1600,1200,1510.81,false,true,hero-resolution-too-small,
med_0e19b17328d94221f3157c87,000827-f9644b7ad964c6de32f96dd70c339b9b2cb71c42.jpeg,Petra Rodellar.jpg,1200,358,2190.74,false,false,gallery-resolution-too-small;hero-resolution-too-small,
med_0e6d2f5a6668a1e96285f1fd,001208-e7a8bfa6b0cff73059e1c77d317c4bbd04174b97.jpeg,Ceuse view 2.jpg,4000,2248,128.56,false,false,focus-review,
med_0eaf7fa711387a2210ad5469,000971-d44fad7f7d32aa5ffe482d1df227c97b8cf3b3da.jpeg,IMG_2671 copy.JPG,1350,900,2326.49,false,true,hero-resolution-too-small;exact-duplicate,
med_0ec3bacd0fe1bb1a892ef54f,000782-caa9ce507fc3624f5502ba68937a8a06f68d2f5f.jpeg,Zofia DWS Mallorca.jpg,1297,387,2350.88,false,false,gallery-resolution-too-small;hero-resolution-too-small;near-duplicate,
med_0ee2540efbfb6f31a5e90ba7,000702-8c5e7f703a9dfb0429c88c4aa0c8aba6f6c05609.jpeg,Chamonix1.jpg,3776,2520,2191.86,true,true,,
med_0f0e160c035e4e4aa2c6283c,000648-0fab15407e4e7bd7a57cf0e9bcfa7a43627a7930.jpeg,Daila Ojeda 1.JPG,1500,1001,692.8,false,true,hero-resolution-too-small,
med_0f7bd8a02f115d75733ea540,000294-4d16efe5a878ff2b4dc74e74a45b4348931cfe3f.jpeg,DSC_6374(r).jpg,5142,3558,1894.79,true,true,,
med_0fbd5c2029e6b1b060b7385d,001122-63f26b8ee527bb0015cc76bfe700430710ecb56f.jpeg,rockbusters-2016-1762.jpg,3265,4898,3108.95,true,true,,
med_0fe1079209e51ac4da212772,000358-0a06091beca7e1d63cc19a966fd0ce8700bc4383.jpeg,Apellaniz 3.jpg,800,534,1019.94,false,false,gallery-resolution-too-small;hero-resolution-too-small,
med_0ffe0a2047597437c98b88d6,000418-c451f95f8a7912ed6e0726213142e5fdc01fe71b.jpeg,Laszlo Mallorca 2.JPG,4000,2248,2065.64,true,true,,
med_106b689f1b898c53bca0ebb5,001445-20bd6ced050833fe05693680153d7bbecf5f6f07.png,Screenshot 2026-06-09 082920.png,674,1000,5029.14,false,false,gallery-resolution-too-small;hero-resolution-too-small;near-duplicate,
med_107bb54da4bd189808a8eae0,000514-53ceccdebf50be3e8fab1fdfc56809b06c0d5588.jpeg,roca regina panorama7.jpg,1111,438,1058.18,false,false,gallery-resolution-too-small;hero-resolution-too-small,
med_107f681e2af4f95d4bc09c85,000230-24756c80d04cf67ef4b9eee292750a46046c7238.jpeg,Medya Rodellar 5.jpg,1452,3952,2880.11,true,true,,
med_10f03ed2949df30a217b0dcb,000889-84395143690c66a290bdb1569866b4158c67c1fc.png,Screen Shot 2018-04-14 at 00.21.45.png,1394,766,896.33,false,false,gallery-resolution-too-small;hero-resolution-too-small,
med_1128b0299c3fa2f95e04f0c4,000130-bc85c75ae58d77e2b1d1823c5d7a97feb0db5700.jpeg,Michel Finale Ligure 3.jpg,1374,2232,1072.26,false,true,hero-resolution-too-small,
med_113466ed7f098c8a51e10a3f,001379-8320391aa4b9dadc7995b00f6ec7c11c51845597.png,LOGO-CLIMBRO-1.png,1506,295,16527.52,false,false,gallery-resolution-too-small;hero-resolution-too-small,
med_1175ce8655edc30299f4dfa3,000182-b1bdf2a82cece12b69e7e19a148a05a6192d8d40.jpeg,Holly Margalef 10.jpg,2228,2238,938.44,false,true,hero-resolution-too-small,
med_1189e8876b5774b5920ee9e4,001341-acb7f384c8d8b2631d30bd667cd7010b6fe6a785.jpeg,Linda Nido Amoroso 7b+ Sella Wildside 2023 rockbusters.net (27).JPG,1605,903,1809.14,false,true,hero-resolution-too-small;near-duplicate;near-duplicate;near-duplicate;near-duplicate;near-duplicate;near-duplicate;near-duplicate,
med_1192dbff207a579c20a48897,000927-132b0da948962c772c751d62e3d763f1a6c6a5c5.png,Screen Shot 2018-07-08 at 17.07.20.png,1424,785,1528.99,false,false,gallery-resolution-too-small;hero-resolution-too-small,
med_119747ad2da70833e986576a,000453-b046436315db92724a5f0302caf4007a45abd646.jpeg,garnet.jpg,304,267,1008.78,false,false,gallery-resolution-too-small;hero-resolution-too-small;near-duplicate;near-duplicate,
med_11cc241d28bd0f9529180524,000714-8f2083489130993270dcc2b432b0ea3512233560.jpeg,Les Calanques-Deep-Water-Soloing.jpg,250,382,2948.28,false,false,gallery-resolution-too-small;hero-resolution-too-small,
med_11ec3c9df39f4b8ac3061b86,000518-79fb049da249d12f754f8c500b813ea56a0ebed6.gif,roca regina croquis-terradets-roca-regina-gali-molero.gif,668,1000,7548.23,false,false,gallery-resolution-too-small;hero-resolution-too-small,
med_11ef049c03da9eb320bc3184,000787-6767a55d69c74177aab012b54edb8f8ec2bf3b70.jpeg,bouldering Albarracin 3.jpg,3976,1186,930.85,false,true,hero-resolution-too-small,
med_121ebb8bcf219e1b1de2d7a2,001344-be35b9c1490891efffae4817e375d182254cfcee.jpeg,Lucisce-climbing-hvar.jpeg,1200,890,2264.31,false,true,hero-resolution-too-small,
med_127b773979e32d2a7884be1c,001105-ceb1f4cabfb74805a236e7a6f68a200afd6aa922.jpeg,Frankenjura climbing,900,1350,812.48,false,true,hero-resolution-too-small,
med_12a0e98a3270c6f348418816,000339-840b8d35bbb9cf92702dfe6981013b19fb24f3e7.jpeg,albaracin prcek 2.jpg,800,600,4008.78,false,false,gallery-resolution-too-small;hero-resolution-too-small,
med_12db436c74b8b9491007f9dd,000104-fec1a238c03dbe1741a9314eb773a5ce2b34071a.jpeg,Ray Zillertal 5.jpg,1499,3285,1439.83,true,true,,
med_12f440a4b1dca1b1e1810973,000678-f60647079e9ba80742a4c4937fe57a14faf3aa38.jpeg,Jason Oltre Finale (2).jpg,1300,867,2404.2,false,true,hero-resolution-too-small,
med_1330379aa278405930055d16,000591-ff96ecf03dd3f060ee74121bbca2f8c294460235.jpeg,Rosalia-Tafarmaix-Sella-ClimbingSpain2016-Rockbusters.net.jpg,4000,2248,401.03,true,true,,
med_133ca0b66a3d98b42afbdcb4,001114-810827e0ad03428ff175b66d9482f5ef990fe7ca.jpeg,Hege Gorges du Tarn www.rockbusters.net (3).jpg,867,1300,943.4,false,true,hero-resolution-too-small,
med_136a97a653447f302ad943ce,001423-6f4a304ff9c6c08954d4092cd712364ecdbe0762.jpeg,20230626-Rockbusters-Maltatal-Day-2-2217.jpg,2048,1366,1189.98,false,true,hero-resolution-too-small,
med_139305bf3620e67aa7dbc769,000973-d27eae22e571bf69685d2fa29e0e40c46c45e594.jpeg,Sylvia Europe Trip Zillertal 2019 7a rockbusters.net 5.jpg,930,620,3071.4,false,false,gallery-resolution-too-small;hero-resolution-too-small,
med_13dba7556199f91400e42d11,001367-73604d801feac1a7bafdb6a8b32829d38e8401ac.jpeg,ILCNmzbD.jpeg,536,536,1401.89,false,false,gallery-resolution-too-small;hero-resolution-too-small,
med_13ead25d76821b4e5a023056,000841-82caa9df0a08098cc876e62f5d3c9e324ad6477c.jpeg,Alison 2 Frankenjura.jpg,2775,828,1108.91,false,true,hero-resolution-too-small,
med_14221dea6c0f8bdefb235ab7,000253-bb143faa4d65530802670b2345409588d099a1ca.jpeg,adam_Rockbusters_Sella.jpg,960,638,1215.16,false,false,gallery-resolution-too-small;hero-resolution-too-small,
med_14a4d2e0857f52df3d2e0746,000237-86ff3930812d78083f3ce596dde5b8568421d85a.jpeg,Rodellar 3.JPG,2248,4000,1424.33,true,true,,
med_14eb9df5365af3e8c1054aee,001173-177dfc07782bdd753aa1040aafa6ff2c57ad6cf5.jpeg,Alizee-Dufraisse--cara.jpg,500,500,2137.45,false,false,gallery-resolution-too-small;hero-resolution-too-small,
med_152ac01ae3a5ba38b0e185c3,000101-eb8309800d48f50a6022074d8372ce598f348ea4.jpeg,Ray Zillertal 2.jpg,2595,1675,1368.18,true,true,,
med_15e7d02c2d498b9c50349ee8,001171-0fe298d15d88cb896d6fa3055b667a644c8f2c6b.jpeg,"Andrlac, Botanic 8b+, Rodellar, rockbusters.net 4.jpg",5059,3373,1636.54,true,true,,
med_1601bbdb10840c5cf7137cce,000265-ad260d7717cb82f2660c1767ce74fa8205bc94cd.jpeg,ernesto04.jpg,1417,960,2344.89,false,true,hero-resolution-too-small,
med_1607f7ed80c6b832f8d5a5ed,001101-216114a78328c7de3b19816219f549f575cfcbcb.jpeg,Rockbusters Otre Finale Finale Ligure www.rockbusters.net_001.jpg,1300,867,2048.66,false,true,hero-resolution-too-small;near-duplicate;near-duplicate;near-duplicate,
med_1630df5b81e3cf177451ddf7,000625-7d928e81fb3adfdf596576491f313fa2eb6cf0eb.jpeg,happyJany.JPG,3880,2600,2573.53,true,true,,
med_169d6e1e8d35014f779d5137,000638-aad550c80d467e10656b60a025eb4116173caa7e.jpeg,daila_rollitosharma.jpg,600,399,1687.11,false,false,gallery-resolution-too-small;hero-resolution-too-small,
med_16c3639383bb8966009e2482,001311-e166a5abe63698309bb8adeadc1fba93f1baa636.jpeg,Miha in Otre Finale rockbusters.net 2.jpg,4364,2910,1359.32,true,true,,
med_16d47f3a3e008f3c70588c15,001083-8c5dc9e0027624b6073b006fd07a6d2c04e479b5.jpeg,P1010401.jpg,4000,2672,929.89,true,true,,
med_1729f92260742643856a41f6,001362-3e8604e679ea3ed95afa4944cbb686c8e427b692.png,Logo_fondo transparente.png,500,500,1235.81,false,false,gallery-resolution-too-small;hero-resolution-too-small;near-duplicate;near-duplicate,
med_172d5d62f12074dfdc54fe2e,000653-9633a6d649720947008cce2053a9115453d0e927.jpeg,Rockbusters Otre Finale Finale Ligure www.rockbusters.net.JPG,1300,867,2042.5,false,true,hero-resolution-too-small;near-duplicate;near-duplicate;near-duplicate,
med_1767179507730227c5c42ae1,001436-75201b1614ab311a5fa9efa9f53f28460e8b2828.jpeg,Charizze Climbing Trip Europe Gorges du Tarn 2018 rockbusters.net (3).JPG,867,1300,546.31,false,true,hero-resolution-too-small;exact-duplicate,
med_17829467b31cbba23ceb43d8,000254-b039e75ffcc15d84a06e7defcc3bbbe784efb9c9.jpeg,Blin_Rockbusters_Rodellar.jpg,304,206,1958.62,false,false,gallery-resolution-too-small;hero-resolution-too-small;exact-duplicate,
med_17c25bc734f35d93a6c6ef63,001007-bc000c08a738a5549a51e7b786d1df1f257b0980.jpeg,Laszlo.jpeg,300,300,507.24,false,false,gallery-resolution-too-small;hero-resolution-too-small;near-duplicate,
med_18030a1fddcf8b70e662478c,000065-6db50276a382eb5ddcd18223a828a79e500c7cab.jpeg,Jan Labske Udoli 2.jpg,4000,2248,657.48,true,true,,
med_181fb04372e1baffa4bf78e2,000438-bdcedf1e463131f418fb45ec3f73f87e6e2d5375.jpeg,ja_hlava.jpg,375,483,329.98,false,false,focus-review;gallery-resolution-too-small;hero-resolution-too-small,
med_18660e3a77e0c4f055b2543f,000366-6fea2791e429fe8e901558ade233283a3c993dbb.jpeg,maria basque country.jpg,800,1199,2517.9,false,false,gallery-resolution-too-small;hero-resolution-too-small,
med_187f07649a72e36e7026b067,001187-443d47364a532102023b5f2de3781dfaebe096f8.jpeg,sulov.jpg,724,484,1466.05,false,false,gallery-resolution-too-small;hero-resolution-too-small,
med_18845148653d4983c915de73,000341-5b2061a67cfe05ca6649b0cfe0786489c520bd76.jpeg,Albarracin 4.jpg,800,1067,1375.33,false,false,gallery-resolution-too-small;hero-resolution-too-small,
med_196d8c9b5f9dbbe4576e5b74,001166-abf6f27f05db42db65b600604702a08fc70e1079.jpeg,Alex Frankenjura 6b+ rockbusters.net 1 DEMO_003.jpg,3437,2196,1738.81,true,true,,
med_19a34ae406c6445719872a6b,000176-87d47eba05eca4405498cd8cc2d542db7037a3a9.jpeg,Holly Margalef 4.jpg,3059,2019,535.53,true,true,,
med_19c671c6c367873f2fdb1fce,000073-0f3ceb03174340da2cf3303a4a7e5e8bb189f903.jpeg,1-b(1).jpeg,300,253,1233.49,false,false,gallery-resolution-too-small;hero-resolution-too-small,
med_1a28eef91d469d83a314cae5,000970-74aed15a9f7dac8a8080843e3d018a825174aabc.jpeg,IMG_2756 copy.JPG,900,1350,2160.78,false,true,hero-resolution-too-small,
med_1a65bad1e37d1d648d2233fc,001001-18c6a16dcb1346cc349b839130a6303feb047c29.jpeg,rich.jpg,491,491,342.48,false,false,focus-review;gallery-resolution-too-small;hero-resolution-too-small;near-duplicate;near-duplicate,
med_1a73075db6be7607bef04751,000539-dcb4288ed8f591f869dc036ede18d46a010fdb70.jpeg,trad multi pitch5.JPG,4608,3456,3166.86,true,true,,
med_1a840ef5602ebe27cb78b583,001223-3a22de5dfffc250d0889dcfe9a83ce2f12c1f937.jpeg,"Andrlac, Botanic 8b+, Rodellar, rockbusters.net 3.jpg",4941,3294,1729.06,true,true,,
med_1ae46ec21b9be52c2874e7a2,000229-7679ab8a53a8deff80594a92e12416a31ecf71de.jpeg,Medya Rodellar 4.jpg,1965,3212,3971.77,true,true,,
med_1ae9f5939a3ba66a3a7fb4ae,001108-481aa903eb3fcab518f261ee6532da73e1a127ce.jpeg,Frankenjura climbing,4000,2248,2588.87,true,true,,
med_1afe3c0a6c4b49dfc36842e1,001317-95bd6cc28f0eb6d3f21a5ded452f022cd8a230c9.jpeg,Bohus in Otre Finale rockbusters.net.jpg,4376,2918,1563.01,true,true,,
med_1b134d2b63cb2e7dcceddde8,001454-fb4c7480fa08500735c2959c8a90ea03414ee91c.jpeg,WhatsApp Image 2025-10-23 at 12.02.00_d0ae1427.jpg,1110,1143,3058.07,false,false,gallery-resolution-too-small;hero-resolution-too-small,
med_1b2d836b22aa61432dbe9540,000820-8d50deae7451409a65bd7745014fc5b8c6eb6d73.jpeg,Jason Finale Ligure.jpg,1199,358,2231.42,false,false,gallery-resolution-too-small;hero-resolution-too-small,
med_1b3906b63f7cec192d41c07e,001435-37e4d5354434bf7d58c480c46f79fa42c84d9826.jpeg,Luci 6b+ Ceuse rockbusters.net 2.JPG,1337,891,1986.76,false,true,hero-resolution-too-small,
med_1ba09130d25c68b817ca0815,000985-1049c400235826dcac5527749a0015f20df72dba.png,Maribel.png,121,121,1128.04,false,false,gallery-resolution-too-small;hero-resolution-too-small;near-duplicate;near-duplicate;near-duplicate,
med_1c7480ddfb9d218d70713ea0,001382-76e2b343ac5ae67daeebd81ac67732ff277a05da.jpeg,Kyparissi Klemen.jpg,1200,800,2523.57,false,true,hero-resolution-too-small;near-duplicate,
med_1c74c16c8cabf86dafe2ffa3,001364-5467256f5ecb063f0083cc573c798b6b345cb65a.jpeg,Linda Nido Amoroso 7b+ Sella Wildside 2023 rockbusters.net (26).JPG,1505,847,1729.93,false,true,hero-resolution-too-small;near-duplicate,
med_1c7bea931707b7588a549056,001355-e371c4b9c156e882917a7e907e0dd0fe92e71d94.jpeg,Training 8.JPG,956,627,3321.92,false,false,gallery-resolution-too-small;hero-resolution-too-small,
med_1cb05a5c01a9bcf1f26d7297,001160-3c97ddb37557a8e2da1b612dcd610c3452fdb14d.jpeg,pablo la sportiva demo blog.jpg,1600,603,3286.13,false,false,gallery-resolution-too-small;hero-resolution-too-small;near-duplicate,
med_1cb1c67e0fb975e1496ff0c2,000465-9a750d91c03d3a612695635de8313919fc629ec0.jpeg,collegats croquis via tanger.jpg,900,1200,2649.56,false,true,hero-resolution-too-small,
med_1cdb11fd1260c827e84b7499,000928-9e7a3a25c3f3c62cd2b0cac046fb05d1d3d58abf.png,Screen Shot 2018-07-08 at 17.07.20.png,1424,785,1528.99,false,false,gallery-resolution-too-small;hero-resolution-too-small;exact-duplicate,
med_1d393bc96180ef4c48dca81d,000549-64ca05860157b521ede5152101b7e6deb13a7326.jpeg,Rodellar 1.JPG,2248,4000,1174.88,true,true,,
med_1d827070c0b0c00a41afb2a9,000657-96ddb3dfc994c3c75d3a85cd4c26192482447b99.jpeg,hazel findlay.jpg,1276,1079,1020.18,false,true,hero-resolution-too-small,
med_1dbd29db33af6eaaa923145f,001123-f8b1b3bf985e218f08d6fae515553394b26a4070.jpeg,Labske Udoli climbing,2296,1847,1486.14,false,true,hero-resolution-too-small,
med_1dc82fc54ea054f0b58680bb,000628-86e3f40d4b00ddc59aecf6170d335849d063e8bb.jpeg,Daila Ojeda detail.JPG,640,640,1099.49,false,false,gallery-resolution-too-small;hero-resolution-too-small;near-duplicate;near-duplicate,
med_1de2c8a8f5ffc7117e5bee9c,000456-018ebc14b2d6acaaba1c5acfec8ae59b40b1e2aa.jpeg,bora gp screw.jpg,304,267,763.03,false,false,gallery-resolution-too-small;hero-resolution-too-small,
med_1e1d46498188559bf4fa20ad,000720-489933a00869b5e8c901a1088e9f0a8c7ef5035c.png,logo_web_text_right_b.png,1400,333,56767.07,false,false,gallery-resolution-too-small;hero-resolution-too-small,
med_1e29337e1ab5b39d8fe2d971,001233-e190a87f9f10b0a84b875ca78d9adc6ff365b9b1.jpeg,jany_palice.jpg,141,159,623.95,false,false,gallery-resolution-too-small;hero-resolution-too-small,
med_1e5899de6b71dda87142f8aa,000392-213d9cdc4a2a220066893a64048ac10f79be3adb.jpeg,frankenjura9.jpg,800,586,1605.96,false,false,gallery-resolution-too-small;hero-resolution-too-small;near-duplicate,
med_1e8415d1dbad98a3f03cd517,000712-62beb6431d79355f09f2cc90bd9de789414502ca.jpeg,Les Calanques4.jpg,792,528,2467.89,false,false,gallery-resolution-too-small;hero-resolution-too-small,
med_1eba103caf38b4eb3a046538,000908-4c40311b0250f6ed33f7a5532300e36bb675a75d.jpeg,"Quentin, Rodellar, Libera tu Mente 7b resize.jpg",1600,1067,1797.37,false,true,hero-resolution-too-small,
med_1eceffa1ecee5b799efa8b4b,001191-9a17de3efc2dbe67a933ebfcd287d130a4b696dd.jpeg,leonidio.jpg,509,339,2874.92,false,false,gallery-resolution-too-small;hero-resolution-too-small,
med_1eead1172d9f64dc5b858edb,000837-919e354d452cac678e63afde5d7695e5983c1cfc.gif,8a_320 logo.gif,320,320,34120.83,false,false,gallery-resolution-too-small;hero-resolution-too-small,
med_1ef94b18f2de940a3620e1da,000722-dc3c9c354a95d3c7650f21afea98ffd82bcb969e.jpeg,michelle head.jpg,261,312,105.32,false,false,focus-review;gallery-resolution-too-small;hero-resolution-too-small,
med_1f148bc864446545a014442e,001412-a44596ef27e5023d9f99654d4153d7bfc4a6a5f3.jpeg,Timon 8a Zillertal rockbusters.net 2.JPG,1472,981,1575.77,false,true,hero-resolution-too-small,
med_1f217f03be1f679bef996cba,001055-044895c8c9f718eacf0036142678600e265d4827.jpeg,IMG_20191009_095516.jpg,4000,3000,982.63,true,true,,
med_1f274fa58a0a768c47828b70,000156-9801f45f936c2c775de8679ffccea27ae38ac8fe.jpeg,Hege Gorges du Tarn.jpg,1188,1980,3505.49,false,true,hero-resolution-too-small,
med_1f27bf7ec6feb1ec8a17cdc7,001043-f0e456d8d0d0e82093e9fc1d831b8924e4aa7dac.jpeg,Pajka.jpeg,500,500,501.86,false,false,gallery-resolution-too-small;hero-resolution-too-small;near-duplicate;near-duplicate,
med_1f5b6493682ea51f7f9b7593,000689-6c62ea24fb3d1fa79542bfc417f7b9d2aa3fac55.jpeg,Oltre Finale (3).JPG,1300,867,1764.41,false,true,hero-resolution-too-small,
med_1f71871827b90c2714926081,001212-22b9dd51789d0160ea7cf0b08aec2303d5914963.jpeg,Rubia8.jpg,1001,1500,1175.49,false,true,hero-resolution-too-small,
med_1f805e5c66bbbf4bcfb84f41,000150-82a9ea90ddff15e5fce687b95aa5d222e7db5b49.jpeg,Hege Gorges du Tarn 6.jpg,897,2013,2542.29,false,true,hero-resolution-too-small,
med_1f9c0edfedcfeed77e1eada7,000462-533495d91d64b71892abfe8a7f3abeaacc920cf5.jpeg,Kappa.jpg,304,267,1098.6,false,false,gallery-resolution-too-small;hero-resolution-too-small,
med_1fbc6c527931894f7e5458fa,000611-2c8797f9959935c0e6014d2a70deea754c0318f1.jpeg,PA291503.JPG,3264,2448,536.66,true,true,,
med_1feb5197951409916e7ec42f,000870-22d7313a353a8127c20aedd9f1f232cdbe1388e8.png,Screen Shot 2018-03-15 at 14.45.14.png,1436,638,2821.61,false,false,gallery-resolution-too-small;hero-resolution-too-small,
med_20127092bffc2c9f826a48d3,000064-eeec31b0c0a887e112aed3241ca2b4e8b911d353.jpeg,Conchi Labske Udoli.jpg,1440,2218,1218.75,false,true,hero-resolution-too-small,
med_209dfbf0274b1bfe2950cc41,000751-03f3b788a39cceeddb1596d0e08576125cd92e50.jpeg,_E2B4228.jpg,2250,1500,581.06,false,true,hero-resolution-too-small;near-duplicate;near-duplicate,
med_20bf2e5fa6925d7c49f0968e,000390-8201bf0854bdec8ef9e7cc855f839479ebb003aa.jpeg,frankenjura7.jpg,800,586,1119.9,false,false,gallery-resolution-too-small;hero-resolution-too-small;near-duplicate,
med_20f595c69ff77d917cf38c45,001164-26c02f4e18aa2353395a21d78cd393e4cec59c24.jpeg,Alex Frankenjura 6b+ rockbusters.net 1 DEMO_001.jpg,4021,1794,2546.42,true,true,near-duplicate,
med_20ff9bb90f81d637c7b832fb,000818-000810c3dfdb5fcc4916ada0d0880604d084ec95.jpeg,jany margalef 4.jpg,1200,358,836.94,false,false,gallery-resolution-too-small;hero-resolution-too-small,
med_210bbb6d7d865ed4866f788d,000449-73cd9f5a24b9cebafc4839b06e802ebe1694447d.jpeg,mistic 10.1 dry.jpg,304,267,2052.62,false,false,gallery-resolution-too-small;hero-resolution-too-small;near-duplicate,
med_21441867f039a0ab6a55a132,000280-0ecd708a086ad2c97c790370e677b8efc8f187ba.jpeg,Zbyna_Rockbusters_Terradets.jpg,490,960,3096.94,false,false,gallery-resolution-too-small;hero-resolution-too-small,
med_2149e95da9390776697e51c9,000352-775643edb807cbc5486e01db4f5676fc96b6fec3.jpeg,Albarracin Zoli.jpg,800,600,1420.09,false,false,gallery-resolution-too-small;hero-resolution-too-small,
med_217dc473fae827036b14dafd,001231-a722b5cffe8fc9b7db996904881a3b94f6aefb7a.jpeg,Klemen Bečan.jpg,1275,717,1608.53,false,false,gallery-resolution-too-small;hero-resolution-too-small,
med_217eb556cd1ef4680c129f8b,001309-a0ad59b003edaa700c9732b3aec36dc309c2190d.jpeg,Beginner Learn to Lead in Frankenjura 2021 rockbusters.net_001.jpg,5193,3462,2615.57,true,true,,
med_21b8a063d2394f55285ae675,001027-8124b8d33569f79f556d4708e1ce8727d3acaede.jpeg,Jany.jpeg,500,500,1013.89,false,false,gallery-resolution-too-small;hero-resolution-too-small;near-duplicate;near-duplicate,
med_21f06c2b419123324fa40781,000503-327676cd1da8cf4c3aa69d0c92aed2208170a89f.jpeg,Monserat Escalando en la Valentín-Casanovas.JPG,2560,1920,2742.23,true,true,,
med_22415a9b883b8fd5fda6bd8f,000745-bd840e55ad49aa15727c2677eea224ec058895a6.jpeg,Linda.jpg,638,960,1271.55,false,false,gallery-resolution-too-small;hero-resolution-too-small,
med_22d0ae6eb2fd162476b86572,000681-ba76d95d908bc2d3107f51b02b6b8fe1ec2ca91e.jpeg,Jason Oltre Finale.jpg,1300,867,1610.53,false,true,hero-resolution-too-small;near-duplicate;near-duplicate,
med_2351f3a77139eb6c1c272e1f,000914-47bc3a41bbac50b2526519e155c6ca3c22b5f294.jpeg,"Jany, Chamonix, Aiguille du Midi, Contamine 7a+, rockbusters.net 3.jpg",816,612,1705.44,false,false,gallery-resolution-too-small;hero-resolution-too-small,
med_23638e6750ae11cf232a6270,000924-68917dde4c72412bad4988e6b991e95ac7011a66.jpeg,"Andrlac, Rodellar, 6b+ rockbusters.net 2.jpg",2220,1480,4381.46,false,true,hero-resolution-too-small,
med_239accea2a30c4f027c47762,000767-006c916ec32027d653815444cc5709f703e66e37.jpeg,Jaime Zillertal.jpg,4040,2712,1392.69,true,true,,
med_23c21a62ccc7a509cbf59de3,000892-b7ba835de0867f2738a084ad00710b921d1a82eb.jpeg,KAB_4563_2.jpg,1600,1067,3797.71,false,true,hero-resolution-too-small;near-duplicate;near-duplicate;near-duplicate,
med_240d124c27e1b10d87ce3ddb,001107-c40ff98a1ef6801d83e8eb1d04fb0194f809d89e.jpeg,Frankenjura climbing,1350,900,2818.16,false,true,hero-resolution-too-small,
med_244f2d4cd040a6c0bebfea66,001431-f299fc6eeed73bc2c82572c1811a1beab4695171.jpeg,DSC03711.JPG,1388,925,1348.76,false,true,hero-resolution-too-small;near-duplicate;near-duplicate,
med_2474d5f4dde60c77acbc142f,000305-c796bbcc66a65ff42baa0d60695c7e4093782a62.jpeg,adam_Rockbusters_Sella.jpg,960,638,1215.16,false,false,gallery-resolution-too-small;hero-resolution-too-small;exact-duplicate,
med_24c1b474d0bed501bcc44c48,001110-7107f647de2933af95f2fbf6aef0b57e320e6788.jpeg,Jany Climbing Trip Europe Gorges du Tarn 2018 rockbusters.net (7).JPG,867,1300,773.74,false,true,hero-resolution-too-small,
med_24d64a9a2ed53781df89024e,000899-ade1fefffbea0540ceaf7fbcf2bba376f21a718e.jpeg,Margalef_27Crags_premium_maya_ayupova.jpg,1520,1013,1648.23,false,true,hero-resolution-too-small,
med_25024edc444e6534b8cb30b4,000413-8f73e507b88f4df60b5a3b10f114777533db6def.jpeg,remenievemayo2.jpg,1024,653,2662.13,false,false,gallery-resolution-too-small;hero-resolution-too-small,
med_254a2f717322cea454e9618c,001304-4c1a52f9aed2d39c8b9fed3abc23b837eb15e1c8.png,1580383210Logo-SINGING-ROCK-png.png,2708,948,14233,false,true,hero-resolution-too-small,
med_266cefdea8fab25fa3803c14,001012-3e0204ae15d394e0466a406b6b002d0367d177d9.jpeg,Daila.jpeg,300,300,786.82,false,false,gallery-resolution-too-small;hero-resolution-too-small;near-duplicate;near-duplicate;near-duplicate,
med_2678c30cef642a7d74b87e09,000412-1fee08c61d1a952ebf5a1b0fca667b28a943a4ec.jpeg,pabloreplicante2.jpg,1024,683,3737.75,false,false,gallery-resolution-too-small;hero-resolution-too-small;near-duplicate,
med_26c0c6887501e56c0189c5aa,001181-8cdf8d6ce12aa133c688b8249451e670c595b09f.jpeg,Peava.jpg,1905,1905,1025.34,false,true,hero-resolution-too-small;near-duplicate,
med_26d17a6f65c08f55786ec1fa,000843-ff9acb4a9a9bc80967720dd73e663d074ec70316.jpeg,Quim Zillertal.jpg,1200,358,1701.05,false,false,gallery-resolution-too-small;hero-resolution-too-small,
med_26dcf718a57a63538630e8ea,000759-d07451a5f9a8f7a6c1d8272e2ec4fb8a9fbd8298.jpeg,Audrey Adam Ondra & Patxi Usobiaga work shop Rockbusters.net.jpg,2250,1500,2336.58,false,true,hero-resolution-too-small,
med_279714a3acd69baf8c8b6132,000459-9e08deee569397e2370029eaf64064858be07ef7.jpeg,buddy.jpg,304,267,636.18,false,false,gallery-resolution-too-small;hero-resolution-too-small,
med_27ac50c716feee5f66cbb68a,000605-4a17102d3d12bc5291e388b07baad287a853cf53.jpeg,Nan3 Siurana_ Spanish Climbing Trip 2016.jpg,2770,2245,541.38,true,true,,
med_27ad5e1522e63251e022a8ed,000146-9b905527f0a68fa55debea8f2878ab1195bf4138.jpeg,Hege Gorges du Tarn 2.jpg,1846,1411,2735.68,false,true,hero-resolution-too-small,
med_27d67ad6cb0aec6f6052bbb5,000488-530dd53d2a675ce7175034bde5b5a963a7ad091a.jpeg,Mont-rebei Vía del Quique.JPG,1920,2560,1114.03,true,true,,
med_280be955ae336675570ef9ae,000704-93d1586dc32eea6806a16b1107dcda7ec452989e.jpeg,LaGonte.JPG,3872,2592,1820.64,true,true,,
med_281e8e3a179bb2d9d94c82a2,000699-344e96cf4625c42e3c5140900ec06abccd7d02b5.jpeg,verdon-gorge.jpg,590,464,3228.6,false,false,gallery-resolution-too-small;hero-resolution-too-small,
med_28241f696749f4367825dc64,001406-f7f35d2d86d4432d6bd146decc61a8a064aaa732.jpeg,DSC03711.JPG,1388,925,1348.76,false,true,hero-resolution-too-small;exact-duplicate;near-duplicate;near-duplicate,
med_283fa7937660f18416c15da8,000652-2f0f8eeaf0b132af7676da5871d1210982357d6d.jpeg,bere.jpg,3456,5184,886.09,true,true,,
med_28901945685f5b754dd840c6,001345-abbc3641d29a93ee585bcfc2b73e2086dbcae070.jpeg,climbing-hvar-coaching-cave.jpg,1500,1000,2148.76,false,true,hero-resolution-too-small,
med_289f8a64a73c4b734b5e36b6,000302-75b8f6d233c5613fe8fd9c4e8639e1b3d56383af.jpeg,Rockbusters_Sella.jpg,960,720,748.98,false,false,gallery-resolution-too-small;hero-resolution-too-small,
med_28b2343c205be3c1028c3db4,000063-951ed679a532a04342eff83e41cb508c63c11ee7.jpeg,Conchi Labske Udoli 3.jpg,1503,2106,670,false,true,hero-resolution-too-small,
med_28beb30277bfba2896f21fc1,000119-1514dd4b32a2df84e2de9994016b9f9a33b2d7d4.jpeg,Hege Finale Ligure.jpg,1965,2221,574.08,false,true,hero-resolution-too-small,
med_28eec3116270addb4e41b989,001428-282435ddbe7b5cf9e2991a311f0828e36031b3ed.jpeg,Margalef Elena Margalef 2018 3.jpg,1266,846,1883.5,false,true,hero-resolution-too-small,
med_292c7d7d10887af001f40bf1,000834-9cc1518df87bf3b3738d04a72d8481401e7522a8.jpeg,Zofia DWS Mallorca.jpg,1200,358,2658.03,false,false,gallery-resolution-too-small;hero-resolution-too-small;near-duplicate,
med_2933ba14ace70eddb0b614d8,001075-9a58a624bd9855c998e7c113de17c4bc8bf54f78.jpeg,Bouldering Albarracin,1600,1200,1147.27,false,true,hero-resolution-too-small,
med_29810f9b57a3b092f3c24b6f,000143-e956b83b6fbb7a75392b01974eeaab67675b68c2.jpeg,finale ligure.jpg,239,256,468.36,false,false,gallery-resolution-too-small;hero-resolution-too-small,
med_2a6e5797439439c08700d8f2,000706-dfb5f702e61a75c06ee4f902fee1ba5f37c3f77f.jpeg,laGonte2.JPG,2288,1280,2447.61,false,true,hero-resolution-too-small,
med_2ae7b8f4ea2d52dc8ae3c1c5,000161-f1967cc6f9e9398ed4114d0c96638aabd0ca0688.jpeg,Jeff Gorges du Tarn.jpg,3616,1827,1618.99,true,true,,
med_2afa64f517af2584e3a1fb3f,000728-57bcfa6b8c928c668cccd77e50221afb3b8825da.jpeg,Klemen Bečan 2.jpg,1350,900,1539.31,false,true,hero-resolution-too-small,
med_2b02e35d8ebfa6d59e058c04,000622-7a508b7890626e6ca0a01e6d767cae8aa8c728b8.jpeg,Jany_singingrock1_Rodellar.jpg,2382,3555,2091.07,true,true,,
med_2b08c0d89220f72042108683,000634-5570cedda3bdddb666ccaf5c27e49de5a3c4abe6.jpeg,adam ondra profil.jpg,1424,2144,710.01,false,true,hero-resolution-too-small,
med_2b19ca711ee9fadc679c7fc8,001138-a84a5f895b40cbe1fb5c2d34ee2fad518c4b111e.jpeg,Espadelles Margalef 2018.jpg,1362,910,1562.68,false,true,hero-resolution-too-small;near-duplicate;near-duplicate;near-duplicate;near-duplicate;near-duplicate;near-duplicate;near-duplicate;near-duplicate;near-duplicate;near-duplicate;near-duplicate;near-duplicate,
med_2b4f97c7e0ea56cd9d30049f,000452-51671dd86229e541284f35251bff6a475d3e01e7.jpeg,pearl.jpg,304,267,684.65,false,false,gallery-resolution-too-small;hero-resolution-too-small;near-duplicate;near-duplicate;near-duplicate,
med_2b51e566062b95cdb2fbbc15,000406-fd313e8ad5e1d1d247738caea0b3b83d14f9f829.jpeg,kalymnos6.jpg,800,532,1918.41,false,false,gallery-resolution-too-small;hero-resolution-too-small,
med_2b74cfa1dca5274d8b29234d,000554-1f370809e78bb4ce5a4938ab417c720d100466bd.jpeg,Rodellar Ventanas.JPG,3648,2048,2513.64,true,true,near-duplicate,
med_2be647301d3e865fe58e3f40,000793-84b66b666cc444aa6c4ab8e03f2146617ec38d06.jpeg,bouldering Albarracin 1.jpg,3999,1193,1208.26,false,true,hero-resolution-too-small,
med_2c12abc0cce07f8295230485,001154-f52ac855693c8771211740fb287fcb431408b259.jpeg,RB web_Euro trip 2020_main_1362x910_v01.jpg,1362,910,2320,false,true,hero-resolution-too-small,
med_2c459eec607779fe17338744,000333-3fde1f4c218ba3aac0b5e990d09279b3ce504202.gif,logo scarpa.gif,150,98,1646.3,false,false,gallery-resolution-too-small;hero-resolution-too-small,
med_2c4b47d3b762cdd216e2201c,001230-9311a00ee129e6add7cf19a24a30d7bce05f76d8.jpeg,22690231_10214262100044800_1382177898_o.jpg,1200,800,1712.16,false,true,hero-resolution-too-small,
med_2c4fa0161dbacd1699f85fc2,000128-1053bfc3d08f7619a08e5e5c3a9e4faec75db403.jpeg,Kim Finale Ligure.jpg,3240,1866,917.76,true,true,,
med_2c565f40104f0a24f471f3e8,001033-4eefd0dbffb0af9277b0e170a5de2c0118be163b.png,Maribel.png,500,500,75.01,false,false,focus-review;gallery-resolution-too-small;hero-resolution-too-small;near-duplicate;near-duplicate;near-duplicate,
med_2c6ee06b52340fdeadf512b8,001441-d47111a4aec8d44106a000ce55c3a29092060800.jpeg,lottery.jpg,1264,842,2592.6,false,true,hero-resolution-too-small;near-duplicate;near-duplicate,
med_2c7d695acb213d858f6d676d,000682-a43ec1f9b3e42db5a4cbe3a2cb38ab1ca1f20aba.jpeg,Jefgeniy Oltre Finale.jpg,1300,867,794.15,false,true,hero-resolution-too-small,
med_2c928b8edec547f80b2783d6,001133-bbe6bd0f97ba1c3a090c5fedf0c16f0125777b64.png,2000_135px_family_run_prague.png,839,868,3956.21,false,false,gallery-resolution-too-small;hero-resolution-too-small,
med_2cb5178b148ae914e199a56c,000384-2efefe9088b00f3a0542ca0d6f6c7de5054acf66.jpeg,frankenjura.jpg,800,586,3172.99,false,false,gallery-resolution-too-small;hero-resolution-too-small;near-duplicate,
med_2d11e7bcb91096bd0912db2b,000830-d015edb09587888fe2ebfb6563bdd58162c7020b.jpeg,Siurana Adam and Patxi 2.jpg,1199,358,3740.01,false,false,gallery-resolution-too-small;hero-resolution-too-small,
med_2d43c7e63cbdb0d0d76748d1,000183-1dbf9f669c6d49fca9052fa7bdb369c632dab1d6.jpeg,Holly Margalef 11.jpg,3037,2227,776.22,true,true,,
med_2d4c13fee615d4b46acfc731,001449-a66fcff99b30cec25681d0e8604cd2c8735805cc.png,Screenshot 2026-06-09 092206.png,172,41,1043.36,false,false,gallery-resolution-too-small;hero-resolution-too-small,
med_2d4e1fbb11836e87a3590dad,000805-6821540ea3c029b01f89809efaf30e84d0e53c8b.jpeg,Jany Ceuse.jpg,2444,729,1445.57,false,false,gallery-resolution-too-small;hero-resolution-too-small;near-duplicate,
med_2dc5b0322610e31cec2e3920,000646-f13a5ec3509c6807e88f2e52153ebf1cf0614a2b.jpeg,Adam Ondra 6.jpg,1500,1000,1648.77,false,true,hero-resolution-too-small,
med_2dce1411f0b1e8471b12e509,000389-d7322069860ffc6c4f12e76473e7cd72781e503d.jpeg,frankenjura6.jpg,800,586,1498.46,false,false,gallery-resolution-too-small;hero-resolution-too-small;near-duplicate,
med_2e245cdb5c1b9c79ac7f0cf3,000202-eb113425df03c59b7a56ba405c8129bb74ba51ec.jpeg,Ray Margalef.jpg,1346,2155,1169.03,false,true,hero-resolution-too-small,
med_2e24d5b9e1182182ecee4c20,000604-7a7f16db99966835ca9b02c84fcd3ee9e52d6b0c.jpeg,Nan3 Siurana_ Spanish Climbing Trip 2016.jpg,2770,2245,541.38,true,true,exact-duplicate,
med_2e787752af94bb4ba5a3d495,000391-2a55eaba8f30b6887fbe46a4759f9b9598fd2cd5.jpeg,frankenjura8.jpg,800,586,1743.91,false,false,gallery-resolution-too-small;hero-resolution-too-small;near-duplicate,
med_2e8a856c2d62420831b88d3b,000429-fe674f24bd322c307929f1fdc9099a264b8ffbee.jpeg,463999.JPG,500,375,2232.46,false,false,gallery-resolution-too-small;hero-resolution-too-small,
med_2ecd19c6776eba4fe3b318bd,000599-0cf8f50f0e6a722d32fbcb52ef18bb099e11ad82.jpeg,Dahlia Siurana_ Spanish Climbing Trip 2016.jpg,2253,2144,3030.91,false,true,hero-resolution-too-small,
med_2f16127d07b85169f063b604,000108-c7aac58baf8994bf33471e6752140787ca553c61.jpeg,Zillertal1.jpg,100,73,9825.16,false,false,gallery-resolution-too-small;hero-resolution-too-small,
med_2f5b0bc7259318abaaf6e2b7,000741-99c2eb33026af5a9ad3cdc4cf6f356c145ee1241.jpeg,IMG-20170517-WA0000.jpg,768,1024,1177.37,false,false,gallery-resolution-too-small;hero-resolution-too-small,
med_2f80fb1dfdea9cf33e59d8ed,000956-6de8af79ef493ad0cf0693700b915eceee5e8711.jpeg,IMG_1287 copy.JPG,900,1350,1331.71,false,true,hero-resolution-too-small,
med_2fd10ef6a91aad516f5c7d24,000509-9daebf271b1480e3092dc47a9fab4449e491f6bb.jpeg,Monserat via Mas-Brullet.jpg,900,1200,5060.59,false,true,hero-resolution-too-small,
med_2fdbf7db066cdd5f37e43010,000796-8334b3e1504ab2b54ca3be56a639a2630badc313.jpeg,bouldering Albarracin Laszlo.jpg,4028,1202,949.29,false,true,hero-resolution-too-small,
med_2fe491eed2308b85709a3f2b,000310-0dfbd9cc23f43f19acde5ace8b16a391a5b625dc.jpeg,albarracin.JPG,2816,2112,2284.73,true,true,near-duplicate;near-duplicate,
med_302c31693156b145e02abe82,000932-f0b8fd43ee7d51e57248a181f78c3424ec8c8fc6.jpeg,Isa Rodellar rockbusters.net 1 facebook add.jpg,2099,1096,4850.12,false,true,hero-resolution-too-small,
med_30833cbdd00ffbaa970249ea,000893-f10e7affce66abb6cf85e64a215c3a0a4681e9d7.jpeg,KAB_4563_2.jpg,1600,1067,3797.71,false,true,hero-resolution-too-small;exact-duplicate;near-duplicate;near-duplicate;near-duplicate,
med_30da46cd3a40273d2fd369b4,000214-85f679bd7799c6cc1d730b51f61d5c7df3518ddf.jpeg,alex margalef 4.jpg,960,640,3956.32,false,false,gallery-resolution-too-small;hero-resolution-too-small,
med_30ea0a898fc4841bc3f84bc3,001211-4ae6bb5b07facd05cd5a446619cbdc75c46d215e.jpeg,andrea cartas barrera.jpg,357,357,485.3,false,false,gallery-resolution-too-small;hero-resolution-too-small;near-duplicate,
med_30fa3ff785eab96177ed2037,001425-d039eaa42d2b3a6594563687845a5daa9c55453d.jpeg,"Jany, Espolon de las Ranas, 7c+, title.jpg",853,518,2162.48,false,false,gallery-resolution-too-small;hero-resolution-too-small,
med_3101dd6a93b96dda3d76df7c,000620-8748bdecd50498a21efe8109368984abec1d095a.jpeg,happyJany.JPG,3880,2600,2573.53,true,true,exact-duplicate,
med_311e0e3c6b087f7721e0e2ee,000149-51f218874dabf075b98e123a0995cabbecabcf8c.jpeg,Hege Gorges du Tarn 5.jpg,2954,1723,1609.95,true,true,,
med_31411be99d79a5cd679a8e30,000495-7972fd365fcab2204f2015872c689e9c8ed8a181.jpeg,Mont-rebei3.JPG,3072,2304,2571.89,true,true,,
med_31733d68a22a4fd6d6e647ca,000314-8da3f3721334b0e922bf0398d31034d7dce39728.jpeg,albarracin5.JPG,4000,2672,1566.21,true,true,,
med_31a7bfff9e7e34fc1af54069,001024-e92c63ed1f0de154e4672976fba27117713d85c0.jpeg,Will.jpeg,300,300,252.49,false,false,focus-review;gallery-resolution-too-small;hero-resolution-too-small;near-duplicate;near-duplicate,
med_31d674674fafdcf981320ebc,000649-475651bb62a1f2c5d887b7e86ad6379f7d01170c.jpeg,Daila Ojeda jan novak 1.JPG,1200,1200,1805.2,false,true,hero-resolution-too-small,
med_31f25bdc446573641f107038,000933-7660703923fb1a1df15205f77536496e03df07c3.jpeg,mallorca 2019.jpg,3600,2025,3659.32,true,true,,
med_32091c4591d09624b3fdca47,000069-00e3d4d7bb5bb329435d30e183c986b9ac39d912.jpeg,Ray Labske Udoli.jpg,1072,2234,1849.26,false,true,hero-resolution-too-small,
med_322029ff6a1eb24d616c812a,000642-c0a519a7b11a8892bc7635e04835ec0056894c55.jpeg,Adam Ondra 2.jpg,1200,800,3037.46,false,true,hero-resolution-too-small,
med_325b4e73ec27b745018b1b59,000515-d062b569952b6181aec8c4dc7b37dca8425542bc.jpeg,06 roca regina.jpg,1600,1200,2245.53,false,true,hero-resolution-too-small,
med_3260555d1fa965a4bca0646a,000929-b7c6bd89efbfe6f3bcc27f666e706cfaf3dafdfb.png,Screen Shot 2018-07-08 at 17.07.20.png,1424,785,1528.99,false,false,gallery-resolution-too-small;hero-resolution-too-small;exact-duplicate,
med_32a5cd825fec24c3ea513856,001178-22a589d33650be4120334796a6d5eedcc78b7bf4.jpeg,Charizze Climbing Trip Europe Gorges du Tarn 2018 rockbusters.net (3).JPG,867,1300,546.31,false,true,hero-resolution-too-small;exact-duplicate,
med_32b09ff4550a5b5744e57e1e,000098-b9d3dbd7820317ef1222f45e4d9f8076e7c7694c.jpeg,Minoru Zillertal 4.jpg,1124,1952,791.98,false,true,hero-resolution-too-small,
med_336290b82cd18874e4793bd0,001115-e2f576840d181b8f1846cf8d8f49f064759c0149.jpeg,Linda Gorges du Tarn www.rockbusters.net (3).jpg,1300,867,1408,false,true,hero-resolution-too-small,
med_33922e5d4a1ff0ceef540c53,000343-6b1408f2c5072c37343ad72e76273a866a9f79ad.jpeg,albarracin 7.jpg,800,536,1339.68,false,false,gallery-resolution-too-small;hero-resolution-too-small,
med_33a0547faef3d3d0ec3270e6,000382-ff6773c89a1064409d449c1006d30fa946509361.jpeg,cuenca4.jpg,800,600,1479.58,false,false,gallery-resolution-too-small;hero-resolution-too-small,
med_33d5d6cdb8398779114f5333,000994-f2468a3f61e9540cdc2e3acc12275ef42f7f528a.jpeg,zbynek.jpg,296,294,3005.64,false,false,gallery-resolution-too-small;hero-resolution-too-small;near-duplicate;near-duplicate;near-duplicate,
med_33fc19e1df562bc2f5ad773e,001106-db9d86ee8cd9d4a1e25a276f892ba1003c2617cf.jpeg,Frankenjura climbing,900,1350,666.06,false,true,hero-resolution-too-small,
med_346ae2f8e115a71f5e1d92dd,001197-676059b3d834d9dca4118dfdd8c1ef478a62e02f.jpeg,riglos.jpg,1400,1050,888.55,false,true,hero-resolution-too-small,
med_347c8655c7b675ab347db5ff,000621-81871953469e306d0c35cdd53a700b8950500996.jpeg,Jany_singingrock2_Rodellar.jpg,2405,3589,2219.82,true,true,,
med_34c154b180858c00b55453c5,000194-90e0446ae8bf0f5fca9a762453a71fffb2b6c987.jpeg,Kerstin Margalef 10.jpg,2414,2139,318.49,false,false,focus-review,
med_34c1ea1d6006bd7f73214bcf,000355-b46b4c3c845d4ad00f9c6cb9e095e0a8bb1c0c73.jpeg,basque country.jpg,800,1148,2577.92,false,false,gallery-resolution-too-small;hero-resolution-too-small;near-duplicate,
med_34db61636dd1c5218ab4961d,001057-07b544b8046642e7bb187e81db0562324301e32b.jpeg,IMG_20191014_093624.jpg,1600,1200,2764.96,false,true,hero-resolution-too-small,
med_34df159e43b2b5a45d013217,000858-ecf3e970ce62be619cbe93d54e9d9c23790d963c.jpeg,1329478161401-1124505360_news.jpg,3200,2367,1998.65,true,true,,
med_34f9282c388ed15d0eed8f6b,000533-6ac064f527bff30d2876b5f2c599f168c05ed4a9.jpeg,trad multi pitch.JPG,4608,3456,2275.77,true,true,,
med_356ee6d167ef08fd2fbfef40,001089-45ae9d79408f55d31b7dbafae6fe6d10383ef8e5.jpeg,Céüse climbing,1300,867,1369.29,false,true,hero-resolution-too-small,
med_358121964e986cb9df01191f,000558-cf66b682b3a0a3ba288e719b6c9d3f9f0ecbf879.jpeg,Rodellar Ventanas.JPG,3648,2048,2513.64,true,true,exact-duplicate;near-duplicate,
med_35f5947a9d7fb7fdad36f7a5,000307-aeb1d909ee82330087416554f3ab9ef508da7b1a.jpeg,EdSella1.JPG,3264,2448,1393.75,true,true,,
med_360e3870c87321e479c7cd22,001121-1d403836399abe471765c5cf61003d5f4e63deba.jpeg,Labske Udoli climbing,3034,1534,1138.91,true,true,,
med_3619199fba42f6c6cc06dd5a,000082-e58865614f4e348cc7054669eb04f18057b1483f.jpeg,Ray Frankenjura.jpg,2149,1822,1168.47,false,true,hero-resolution-too-small,
med_361addb25791ff659405d824,000968-4652951255fbda8cac07eb1c67838da35397909e.jpeg,IMG_2764 copy.JPG,1350,900,1467.54,false,true,hero-resolution-too-small,
med_361f72927eac1cffdf4ab8ac,000121-191b43b6e98dca81411d1ee99c4c2473e0e14b29.jpeg,Kim Finale Ligure 2.jpg,1882,2238,1169.71,false,true,hero-resolution-too-small,
med_3622136b2dcbf5f7cb32937c,000981-adf65a64ae150f40b8369643f4bd87f620aee87c.jpeg,IMG_5426.JPG,669,446,415.34,false,false,gallery-resolution-too-small;hero-resolution-too-small,
med_36410e2b68d437eaa223b2ae,000718-39b0cfa6dc19325f7be3d02cab1de425a24ab0bc.jpeg,klemen-becan.jpg,1600,1067,503.69,false,true,hero-resolution-too-small,
med_36aea8c39ca84c748197e2a8,001306-ae2c954e155ecbf49361b9f7b52a09f1fa69bea7.jpeg,02 marta.jpeg,1000,1334,1286.09,false,true,hero-resolution-too-small,
med_371f74e8f44d072122148d2a,000873-a3049aca8d38ea9e525824f5ee5fbf46a3873ec7.jpeg,patxi.jpg,1410,783,2264.66,false,false,gallery-resolution-too-small;hero-resolution-too-small,
med_37312c70ebc400a82eb482fc,001258-86908a980bab999ec523bb3c1db3d3083307551d.jpeg,"Miha, 7b+, Tres Ponts 2, Patxi Usobiaga Advance Sport Climbing Course rockbusters.net.jpg",3750,2500,1821.54,true,true,,
med_37561367b76ef1a21acbc2b8,000460-df8c256e589b5589f9e3e55d920b656557445592.jpeg,shuttle.jpg,304,267,3186.97,false,false,gallery-resolution-too-small;hero-resolution-too-small,
med_3759c063b2e2bb57a3462129,000596-a594570774c6397703e0dd5fcde82753971c919f.jpeg,Brandon_Lyton Siurana_ Spanish Climbing Trip 2016.jpg,3079,2075,2140.86,true,true,,
med_37b2c01f8f370685e4a32ca1,000609-822fdf78a3b02cd991668bfc4a8cc0b4771166f0.jpeg,PA241465.JPG,3264,2448,155.44,false,false,focus-review;near-duplicate;near-duplicate,
med_37ee8b303baabbf97bbb5314,000348-536f97a0c10d6ef21e69a6159a4019f3fb4ed5f4.jpeg,albarracin lord de los moscas.jpg,800,534,3143.22,false,false,gallery-resolution-too-small;hero-resolution-too-small,
med_383731b737e9aa7775cc1859,000401-6cfdc3101d05f4f6eb1ae5ff22565b321c46b033.jpeg,kalymnos fero 2.jpg,800,1202,1639.08,false,true,hero-resolution-too-small,
med_384648f4dcfbfd1249183880,000992-4fddb606f2672f55c34c2a0ac27900aa4e3ce244.jpeg,pajka.jpg,1527,1527,661.16,false,true,hero-resolution-too-small;near-duplicate;near-duplicate,
med_3861c14ba09fabc8b1d5e4ff,000911-14f04a5b0272c38fe15cf13ab9d52667df345ceb.jpeg,"Melinda, Rodellar, Libera tu Mente 7b web.jpg",1200,800,2539.54,false,true,hero-resolution-too-small,
med_38e96c350c14c41359513d9d,000977-242df6510cd1a2db0983f9aa27dfa6ded415acaa.jpeg,George Europe Trip Zillertal 2019 rockbusters.net.jpg,886,591,2062.39,false,false,gallery-resolution-too-small;hero-resolution-too-small,
med_390bf46c54a8d46da3ab1705,000369-5c4bb53ff9950221e9dc4fbebda2559d8b9bb6a7.jpeg,val de govia.jpg,800,524,589.14,false,false,gallery-resolution-too-small;hero-resolution-too-small,
med_3916ffa7f9794762be2700d9,001407-89b2fa810ff3485e2f6fc4a705762799ebaf675c.jpeg,DSC03711.JPG,1388,925,1348.76,false,true,hero-resolution-too-small;exact-duplicate;near-duplicate;near-duplicate,
med_391e6e9c470983a097e1d732,000538-2195c86ee19df2aac1b3db0a7b3482e3b5f95463.jpeg,trad multi pitch4.JPG,4608,3456,2115.92,true,true,,
med_39afd4ad8c4f457e203711f2,001183-f9002335382feb8da9f1424c22a9fd24049cbd7d.jpeg,perfil.jpg,500,500,1026.12,false,false,gallery-resolution-too-small;hero-resolution-too-small;near-duplicate;near-duplicate,
med_39c31f1067f739fba9a19586,000295-f55d21040ac3c4bb8899dcd1abff97ef3e6b547e.jpeg,DSC_6406(r) (1).jpg,6623,4523,2730.41,true,true,near-duplicate;near-duplicate;near-duplicate;near-duplicate,
med_39fe0578c88feb398462d99d,000664-89c44e53a8392a571d437fecf8c05398d94a673d.jpeg,Jany Ceuse (2).jpg,1300,867,191.56,false,false,focus-review;hero-resolution-too-small;near-duplicate,
med_3a1a4721010bd27e502d3fd5,000251-45ca06c10c466c2576f2d509e44d676d81b04b5b.jpeg,Zoli Rodellar.JPG,2248,4000,2020.03,true,true,,
med_3a1ea40f8eab327e16263424,001251-62048d87f855b16d7a273cdeaffcc12f97b7d58e.jpeg,"Patxi, 8b+, somewhere in Catalunya 1 Advance Sport Climbing Course rockbusters.net 1.jpg",1837,1225,2716.35,false,true,hero-resolution-too-small,
med_3a327f11a541bd09b3e635f3,000422-bacd3151e7d3bf3e42e331a79d46e127d65f7c4c.jpeg,Mallorca Light House.JPG,4000,2248,1840.85,true,true,,
med_3a6c6815dac6deefc2c58108,000692-fda9eb1f9666b31bb7cf167884f5b4c2d536c428.jpeg,Oltre Finale (4).jpg,1300,867,1678.09,false,true,hero-resolution-too-small;near-duplicate;near-duplicate,
med_3aa934e9d89a174712190f2a,000647-75008f981d62f8152d5ef383f87a7c83b5ea3573.jpeg,Patxi Usobiaga 1.jpg,1000,1500,3464.51,false,true,hero-resolution-too-small,
med_3ab058ec903b752f61e0e5b7,000093-6451b70c0f675c21564b459f5c945ca6c51589e5.jpeg,Hege Zillertal 2.jpg,1258,1709,554.32,false,true,hero-resolution-too-small,
med_3affc45d963e9e432c7ca2c4,000374-fb557b82a7c2279477e8cc58409a5c72355547e0.jpeg,cuenca canyon.jpg,800,600,1988.45,false,false,gallery-resolution-too-small;hero-resolution-too-small,
med_3b285056135ab9d0df9b4e5b,000178-44b608f92a0c7b0bdfb4e16a3e1707b719e20372.jpeg,Holly Margalef 6.jpg,1554,2067,804.42,false,true,hero-resolution-too-small,
med_3bcaf1915e908e998d88f2ff,000476-94f9dd343f12e3e30f3cc2fc471b761b136596ef.jpeg,collegats Via Tanger.JPG,3776,2520,1280.45,true,true,,
med_3be5dd81180bf53bba245947,000386-0453cad93d9d974a97390e593e8f5733f40a56a6.jpeg,frankenjura2.jpg,800,586,4088.89,false,false,gallery-resolution-too-small;hero-resolution-too-small;near-duplicate,
med_3bff60cf89757b6a48d0b56a,000760-2d344bc4c5a761dadeda8b2de20156bda795c90a.jpeg,Sabrina Adam Ondra & Patxi Usobiaga work shop Rockbusters.net (2).jpg,2250,1500,2241.83,false,true,hero-resolution-too-small,
med_3c391b8442f30251d180d640,000184-6178e9116e597bd3b3aeae88d9fac747935d817a.jpeg,Holly Margalef 12.jpg,2633,1916,882.28,true,true,,
med_3c6056818445a409f53430c1,000556-1ba9ac0e40452cd745b0e6d1c283ec060eb16f0f.jpeg,Rodellar 1.JPG,2248,4000,1174.88,true,true,exact-duplicate,
med_3c94f0ffc8e05bdd53846f02,001430-bfa4141b843a97ea32a972e2ac507885e5b0358a.jpeg,Alex Frankenjura 6b+ rockbusters.net 1.jpg,4021,2680,2226.33,true,true,near-duplicate,
med_3ce04a80bc8359c5682e4fb8,000784-e444c611721a6c2df8eb22c2c0fc7ec51d01627f.jpeg,bouldering Albarracin 2.jpg,3988,1190,932.24,false,true,hero-resolution-too-small,
med_3d056978902d1ef2c5a058a6,000059-1edb8a7812b3ded65aceccd070a91788cfc720a2.jpeg,rock_climbing_ceuse11.jpg,612,448,3939.22,false,false,gallery-resolution-too-small;hero-resolution-too-small,
med_3d462b527ef627ed21ce06bb,000500-4fe66af0beae53fbae518c4934f7aefcb8c2596c.jpeg,Monserat Cumbre de la Aguja Caval Bernat tras escalar la vía Punsola-Reniu.JPG,3008,856,1163.23,false,true,hero-resolution-too-small,
med_3d48e8813d849fc917f3ce21,000542-b3524c1e8896ebceb41a454660a119bf47cf9aea.jpeg,trad multi pitch8.JPG,4608,3456,1640.72,true,true,,
med_3d4af5161695b0c274353daf,001422-a228a40ec8ba1d44e38b3c155115208f835aed9f.jpeg,Rodellar Rockbusters.net.jpg,1500,1000,1447.35,false,true,hero-resolution-too-small,
med_3de667d070065f31e09201dc,001085-7754f7832cadbf3ac01ddf96275cfcbe51e6a869.jpeg,Bouldering Albarracin,4000,2672,1477.01,true,true,,
med_3e1030d934976b2a49a0b947,000399-fdc0f5d55ac20caecf7474f38ba6afd61135b17e.jpeg,kalymnos fero.jpg,800,1202,2885.25,false,true,hero-resolution-too-small,
med_3e3aedb6c581a9109eb3aeed,001413-a2a2d6330f08e0b5053e8f86a30130a77308c448.jpeg,Timon 8a Zillertal rockbusters.net 2.JPG,1472,981,1575.77,false,true,hero-resolution-too-small;exact-duplicate,
med_3e4284316d819e68d25b6e81,001384-5bdbbb4b92e1d014047a1cb06e14ed442fa0dfa5.png,Screenshot 2025-03-27 160149.png,1022,682,3786.94,false,false,gallery-resolution-too-small;hero-resolution-too-small,
med_3e470ef625696ccb05645166,000155-6a579cbf1da07b12198858339117f627fc6b1e71.jpeg,Hege Gorges du Tarn 10.jpg,2605,1662,1056.03,true,true,,
med_3e59fbf6ee749b96e2913b95,000381-7e818775c4b4ae101c38c134bec93f62a54fe298.jpeg,cuenca.jpg,800,975,1326.86,false,false,gallery-resolution-too-small;hero-resolution-too-small,
med_3e980a697fb6ce6999f376aa,000041-28b4177ccd92cf92c40f07c457e90ef43ba7d554.jpeg,Laszlo Ceuse.jpg,4000,2248,411.85,true,true,,
med_3eb4335d3e9ec2d079d76569,000388-568a29670db2c8d269b9e7c5d87c0e6628da0c91.jpeg,frankenjura5.jpg,800,586,2199.85,false,false,gallery-resolution-too-small;hero-resolution-too-small;near-duplicate,
med_3f3674106dd325f0be384f00,000139-47ec06454d6548ba6d5941f9dbd31448c0ab50e1.jpeg,Stacy Finale Ligure 3.jpg,1701,1625,570.99,false,true,hero-resolution-too-small,
med_3f3bea1a2581d7f8fec0b6c8,001097-a222dfdddd020ff03a959a3f158a01546e4362bb.jpeg,Jason Oltre Finale www.rockbusters.net (2).JPG,1300,867,1610.83,false,true,hero-resolution-too-small;near-duplicate,
med_3f59d32e2e5a587a8135e790,000527-259930ede7a2da473772e347e55e110a1af5721b.jpeg,vilanova de meia.JPG,4000,3000,1403,true,true,,
med_3f833d48fc839a151dc9daaf,001222-6c995c623b5cf89f30c8ead900bec7d3465f34ce.jpeg,"Andrlac, Botanic 8b+, Rodellar, rockbusters.net 3.jpg",4941,3294,1729.06,true,true,exact-duplicate,
med_3ffdd6db0023e6ecb11e1ec0,001365-6ee0a63995eae9e454fa242164aa9c0ebbd5fb51.jpeg,Linda Nido Amoroso 7b+ Sella Wildside 2023 rockbusters.net (26).JPG,1505,847,1729.93,false,true,hero-resolution-too-small;exact-duplicate;near-duplicate,
med_401501b1c162b33d8bd944e5,001072-51a4786988242be24345b15fc3e39790c33472d9.jpeg,icm_9.jpg,1805,1205,462.75,false,true,hero-resolution-too-small,
med_401ea386f8e955d2a79cd66e,000448-e08dcbd3e3e9f839041a241721b7cdb31e622b2e.jpeg,glory 9.8 dry.jpg,304,267,2271.26,false,false,gallery-resolution-too-small;hero-resolution-too-small,
med_40ce147ef3f24315bf6941b7,000387-943ec33d0f4605aa5736c21deb5f2565ca033d5a.jpeg,frankenjura4.jpg,800,586,1622.46,false,false,gallery-resolution-too-small;hero-resolution-too-small;near-duplicate,
med_4137076debfa475505703212,000067-68e5c8abb252e6691846721448087b204650d5ee.jpeg,Kosta Labske Udoli.jpg,2395,1494,612.36,false,true,hero-resolution-too-small,
med_416d935912528aa1a8b6fd15,001314-2fd1eb7bf18434412cab244d761a7cb8311fcc5c.jpeg,Roberto Munoz Gonzalez.jpg,962,962,883.63,false,false,gallery-resolution-too-small;hero-resolution-too-small,
med_417447394a1fda6e4d657bdf,000240-8e6193e74c6e879b446ec1d6addcac5e74d144bd.jpeg,Shawn Rodellar 1.jpg,1034,1471,1466.67,false,true,hero-resolution-too-small,
med_41a43cbe7bf7bbf26ea7b29b,000482-46dfb82b051ab3afdd9cbdc71157530ac7cea31a.jpeg,Mont-rebei Cuarto largo de Al horreia (7b+).jpg,3284,4892,3663.15,true,true,,
med_41ad068619ebd8d1bcdd4d4e,001035-1eddd542f00b733c2ce65d9e43ed3919e557295f.jpeg,Adam.jpeg,500,500,325.83,false,false,focus-review;gallery-resolution-too-small;hero-resolution-too-small;near-duplicate;near-duplicate;near-duplicate,
med_41bebf074fb7aef051291a89,000580-42c22218de6468db0d09dee4686af39c2902f91e.jpeg,Abbe3-Sella-ClimbingSpain2016-Rockbusters.net.jpg,3674,1808,1493.88,true,true,,
med_41c9d78919db837894db0fbc,001120-22fe3ca187cdcb3c88340f80f5906fd43d0fd37d.jpeg,Labske Udoli climbing,1205,1805,1803,false,true,hero-resolution-too-small,
med_41f6fc5bb130f7147175f955,000808-e4a7d56cc8b1c80a5f466efc1edd33a115551cb9.jpeg,ed margalef.jpg,960,286,1796.55,false,false,gallery-resolution-too-small;hero-resolution-too-small,
med_422f7da0a76a0920f9ce6100,000595-6253a631b462404467c1ff3f2c41e98c5e203a0b.jpeg,Andrew Siurana_ Spanish Climbing Trip 2016.jpg,2437,2284,3377.54,true,true,,
med_42663a5d15e7a268dcfae0b4,000632-b4e9983c0c8189eb72881ecb1ae37895e4601204.jpeg,daila ojeda.jpg,870,580,1576.26,false,false,gallery-resolution-too-small;hero-resolution-too-small,
med_42888ff3174191536d3236b4,001156-5c6c1c6a57bdcdaa8b0c18070a2e941931e10273.jpeg,RB web_Euro trip 2020_main_1362x910_v02.jpg,1362,910,2035.4,false,true,hero-resolution-too-small,
med_42ae425afff2f71bc25011ed,000645-c2328259a76c655673c3be3f146095641ed547c0.jpeg,Adam Ondra 5.jpg,1000,1500,1753.31,false,true,hero-resolution-too-small,
med_42b32d636b28be3e892c17ef,001399-2bd6078d8b8a72ef7660213a8d0d5657ccb855e4.jpeg,Andalucia Sport Climbing Guidebook.jpg,1000,1482,6653.96,false,true,hero-resolution-too-small,
med_42c4c8c852946340abcc6ff3,001103-decfc0bf649e7db682cb641f14d9c937b50de157.jpeg,Alison 2 Frankenjura.jpg,2842,1912,995.99,true,true,,
med_4325124662d185c7f81aad56,001410-48dfe5cd1900fdf3d14a065a418b34eb24dfdb7a.jpeg,Medveja_climbing_Istria_1_resize-1024x683.jpg,1024,683,698.79,false,false,gallery-resolution-too-small;hero-resolution-too-small,
med_432ec56f0e160574dc0a8e85,000546-29e055332a77d42da8ebaa726a3de513547bcd57.jpeg,online-sport logo.jpg,557,136,3359.57,false,false,gallery-resolution-too-small;hero-resolution-too-small,
med_4347fd9158a2454208fa7ea2,000502-998c8b76873d7ad7bed7d4fbfbd6350cbea7a882.jpeg,Monserat En la vía Mas-Brullet.JPG,4000,3000,1667.06,true,true,,
med_438a16afd1543b1f12f9d6c0,001313-bd9e64ec38019bc2ccec4071dc305ad01ab4e407.jpeg,Roberto Madrid.jpeg,640,479,416.99,false,false,gallery-resolution-too-small;hero-resolution-too-small,
med_4398ad969252048366a73f15,001151-8dc2316a81b9d8bcd300f683084d56d0701e2966.png,Klattermusen_Logo_Embroidered_Ror_ej_1300x500_large.png,300,91,2953.7,false,false,gallery-resolution-too-small;hero-resolution-too-small,
med_43a5cf1fb01f0dbd9ac8313d,000239-b70393da0e43861c3a0c27df82d99651f6b611f4.jpeg,Rodellar.JPG,4000,2248,701.55,true,true,,
med_43aaabec61655c2a5de7fe67,000643-dcea9e2c2a0cb83a46b6bea411193476f4cfd20d.jpeg,Adam Ondra 3.jpg,1200,800,2305.56,false,true,hero-resolution-too-small,
med_43e34e7c2e52cd74a4aeaf0b,001100-74b915045bb0a9bff5a2ec1e7f61110b9c380b6f.jpeg,Regina Oltre Finale www.rockbusters.net (4).jpg,867,1300,1241.73,false,true,hero-resolution-too-small,
med_4446aa4f1838be4751adf4cc,000270-f001b5fe02e864872964ba6de9ae8225cce371ce.jpeg,kitaru05.jpg,1417,959,1654.99,false,true,hero-resolution-too-small,
med_444a2becbe13a43ad3f0b157,000299-8e4d0a5fadb5a70c2b066ab7b7df4e21a65edc7e.jpeg,IMG_2371.JPG,1600,1200,138.42,false,false,focus-review;hero-resolution-too-small,
med_444ae4a51b7671cddbc0c9f4,000340-28ac8eb09fc5b0efa6e70f2d0d1baab016744514.jpeg,älbarracin 3.jpg,800,450,1406.96,false,false,gallery-resolution-too-small;hero-resolution-too-small,
med_4468beefd789aa8d4fd9bd43,000922-1e51e82b60167c763e6b27b8de8dbcde90bae7d2.png,epictv.png,415,121,2611.18,false,false,gallery-resolution-too-small;hero-resolution-too-small,
med_44701ae24cee1e0a5cf1d8c7,000557-2605ec0bff0604e1e50bfab455d323c35b7c63e6.jpeg,Rodellar 2.JPG,4000,2248,749.98,true,true,,
med_4487ddbc7c626dda7b107f96,000051-08f7add79d57b49eb7c8f6a8d2e40f0a142f91fe.jpeg,Ceuse_Bibendum_7a_3.jpg,450,297,2186.07,false,false,gallery-resolution-too-small;hero-resolution-too-small,
med_448c4102e4ac671a26aecdeb,000241-c3a3b16023f9e8f4b70fa06602113f82d62930fb.jpeg,Shawn Rodellar 2.jpg,1122,2013,1420.86,false,true,hero-resolution-too-small,
med_44b62109d1120b368b2c5d56,000966-2863301daedecd489575cd592085e6bd36089fc2.jpeg,Kurt-Albert.jpg,800,533,5104.21,false,false,gallery-resolution-too-small;hero-resolution-too-small,
med_44c74eed2ad75b5c3a01021a,001167-3d34443ff93d39955bdb8452e7995f7044acf263.jpeg,Alex Frankenjura 6b+ rockbusters.net 1 DEMO_001.jpg,3437,1897,1787.18,true,true,,
med_44f4bcb80a7fc20f214a1030,000716-b072d1df4c79dc45cbb717c3cfbce292b696b980.jpeg,LaGonte5.jpg,764,573,2350.39,false,false,gallery-resolution-too-small;hero-resolution-too-small,
med_45490dfdb7c69278486a9251,001453-6e9d39f0cc0f48cb67cf065ae7ee13de30762fce.jpeg,WhatsApp Image 2025-10-23 at 12.02.00_d0ae1427.jpg,1110,1143,3058.07,false,false,gallery-resolution-too-small;hero-resolution-too-small;exact-duplicate,
med_4585985f28369c0d2c6c9be9,000811-1d91b426a1874af40c86417ad1947ed6ce8ac6ba.jpeg,Hege Zillertal.jpg,3114,929,1785.2,false,true,hero-resolution-too-small,
med_458fc3d72d3bcf3603e027e6,000667-b6a185a2ab0c37528627a5ac6f9a62f9befa1faf.jpeg,Jany Ceuse (5).JPG,1300,867,1369.29,false,true,hero-resolution-too-small;exact-duplicate,
med_4594e0e196b55926df39b773,000902-4fb1c6e7da27c39cd991873ed6af8d6ab71b1640.jpeg,27Crags_Albarracin_Mikael_Uponen.jpg,1400,933,2152.81,false,true,hero-resolution-too-small,
med_45c0763d5003766852be58cf,000976-401bb7a58c5b1ba9f9c7259637fc489cca61305d.jpeg,Alex Europe Trip Zillertal 2019 7a rockbusters.net 2.jpg,881,588,3064.38,false,false,gallery-resolution-too-small;hero-resolution-too-small,
med_4618aa61715c456d4f713aca,000529-b51cda33e0350b71ada2a2b54094c9516feb6625.jpeg,vilanova de meia2.JPG,3000,4000,3268.52,true,true,,
med_461dadb41e5abaf99baf2e0d,000863-d5772f32bd806124bbf01c077cd4d377e481bd12.jpeg,AP-1TG4PYR4W1W11_news.jpg,3200,2133,3423.01,true,true,,
med_4626c3f5b1c0d05db0357a4e,000003-59721a7503687f783372ee2c464a74386e1ed33b.jpeg,DSC00744.JPG,2048,1361,3956.57,false,true,hero-resolution-too-small,
med_46c6091ae516f9e31af07e5c,000311-32a2039159c1aee3a9b0b6ea25b5925fd29519d9.jpeg,albarracin1.JPG,2816,2112,1702.79,true,true,,
med_46d961a6b9e91143c6a86412,001216-acd6c519a311cb35cd81c76b730f0ce681014dfe.jpeg,Yann Frankenjura Ejakulation 7a rockbusters.net 2.jpg,5546,3697,1063.21,true,true,,
med_4768e6d82607ef4809093a33,000385-aad586f317aafd37325e4ffe92bfa07d11062684.jpeg,frankenjura1.jpg,800,600,1702.12,false,false,gallery-resolution-too-small;hero-resolution-too-small;near-duplicate,
med_477ae3e546f284079c4939d1,000192-88b278b168977c05726a6b40dd7318e7ba0d068b.jpeg,Kerstin Margalef 8.jpg,1269,1844,611.54,false,true,hero-resolution-too-small,
med_4788b6d2c4018e4ded875d74,001034-e79f12ddf41b8eb721e528bd6dd44728f5ea33c4.jpeg,Daila.jpeg,500,500,655.14,false,false,gallery-resolution-too-small;hero-resolution-too-small;near-duplicate;near-duplicate;near-duplicate,
med_484dff77f1b3052893a07240,000833-420f574cf5246c6db334bc3ee78c8b3fc4eb8f13.jpeg,Zbyna Terradets.jpg,1200,358,4026.93,false,false,gallery-resolution-too-small;hero-resolution-too-small,
med_48590b14df57f9b4ec066f7f,000658-b362fdafec8f32583ec518699b7595143f17cf8b.jpeg,hazel-findlay-climbing-spots-main.jpg,635,348,5260.37,false,false,gallery-resolution-too-small;hero-resolution-too-small,
med_488fb1dd50c7ee6e28d2ebb5,001295-47414e4d9accf6eaa69ed8ade775824e4a7ed8f7.jpeg,WhatsApp Image 2021-11-06 at 4.36.57 PM.jpeg,1600,1200,1512.59,false,true,hero-resolution-too-small,
med_49103fc6002a1b82aff3130e,001265-f1468019a0a3c7b4c023ec80d287c4804e5c2edd.jpeg,"Patxi, 8b+, somewhere in Catalunya 1 Advance Sport Climbing Course rockbusters.net.jpg",2237,3356,3143.79,true,true,,
med_4916e4895a2a9b38e93f4351,000540-c03a9e4a6a33d076e28c4ce466cb116baab3984d.jpeg,trad multi pitch6.JPG,4608,3456,3231.34,true,true,,
med_494eca9ef1560d3147cb3ccd,000561-c319dee7d6517e14e136a23dcd365c82e7b67a87.jpeg,Rodellar 2.JPG,4000,2248,749.98,true,true,exact-duplicate,
med_494f47be4324ae269af3939c,000788-e0e15dce4065798d55ffda8f4dbe6dd35e74bd96.jpeg,Abbe3-Sella-ClimbingSpain2016-Rockbusters.net.jpg,3634,1084,1842.68,false,true,hero-resolution-too-small,
med_498828d144419152274b7d41,000053-0d6150fdadbbb268f6385819e707b266f854f607.jpeg,Ceuse_cliff_FR_3.jpg,450,295,4497.89,false,false,gallery-resolution-too-small;hero-resolution-too-small,
med_49af56552cc2298980d0fae9,000675-cc72a2801add502ff5f9ce49d4b49fc456dddb4e.jpeg,Hege Oltre Finale (2).JPG,1300,867,1667.35,false,true,hero-resolution-too-small,
med_49f87063a56d5b4e75b90dda,000597-3d1d7d2a69341508b61bb88dff8c14617fbe688a.jpeg,Brandon2 Siurana 2016 Spain.jpg,4000,2248,2066.36,true,true,,
med_49fcef6b8cdbde5d067ec533,000436-2511bbbbb1a187ed68df03375952b151c2365c05.png,Maribel.png,121,143,1165.15,false,false,gallery-resolution-too-small;hero-resolution-too-small,
med_4a422f4dce9af5f4e5cda8f4,001301-b60e02bcd07d3b6cf449d22f4c772af0ac8f6857.jpeg,Beginner Learn to Lead in Frankenjura 2021 rockbusters.net_001.jpg,5193,3462,2615.57,true,true,exact-duplicate,
med_4a584cbad8af3fe817906415,000594-249105e461ac5c46c956c47add1dc8b4d3be9b0c.jpeg,Phalyn2 Siurana_ Spanish Climbing Trip 2016.jpg,2861,1746,1499.45,true,true,,
med_4a6ac627f09afb870c4781ca,000283-394fe976d1fcda0a88c1ac7c4275ab8e92d5ac8d.jpeg,Zoly_Rockbusters_Albarracin2.jpg,274,206,396.68,false,false,focus-review;gallery-resolution-too-small;hero-resolution-too-small,
med_4a78da4ee713794fbd85e6f3,000891-b1599554710b552fbabfb1188f2462b48d789328.png,Screen Shot 2018-04-14 at 00.21.45.png,1394,766,896.33,false,false,gallery-resolution-too-small;hero-resolution-too-small;exact-duplicate,
med_4b14ee8f69f23360694bd640,000861-094c8f3e7902408e03fe914df86d56a6894c4dcb.png,Screen Shot 2018-03-07 at 20.28.51.png,1201,751,1500.01,false,false,gallery-resolution-too-small;hero-resolution-too-small,
med_4b30322767159e95df78e0b1,000344-fe077ac67bb1067a3fa9b69d7c53ffe18840ddb8.jpeg,albarracin helgi.jpg,800,598,1238.21,false,false,gallery-resolution-too-small;hero-resolution-too-small,
med_4b497e61915052055f679459,000813-a6601b961ff55da598a0d784947a44da7d433236.jpeg,Hege Zillertal.jpg,3114,929,1785.2,false,true,hero-resolution-too-small;exact-duplicate,
med_4b7c6c93d2da0a4b5179bd95,000473-bbdc45c95d3ea1c8b54d34ac39553bb35c70bb0e.jpeg,collegats Sang de Crack (2).JPG,4608,3456,5899.73,true,true,,
med_4b836c0ac98acd9b692e4736,001452-48ea56c32d13b5f1ed67f829e6c24a85767ae564.jpeg,"Jany, Espolon de las Ranas, 7c+, title.jpg",853,518,2162.48,false,false,gallery-resolution-too-small;hero-resolution-too-small;exact-duplicate,
med_4b945c89e2781c02fe2bbb25,000235-a91d953844f8e7e2bd32ac75cf990b47c5c0c383.jpeg,Rodellar 2.JPG,4000,2248,749.98,true,true,exact-duplicate,
med_4be042274fc5b16a2d1fb2d0,000651-091aabbf26352e21bda7481692be891cd0e40424.jpeg,Daila Ojeda joao giacchin.JPG,800,1200,4572.12,false,true,hero-resolution-too-small,
med_4c5fbdd30bfd5d25c9f1f864,000284-15ab8ba80ccf1a7c8c0fa6fd454ea97f09b48e84.jpeg,DSC_0040_edited-1.jpg,3091,2082,2716.36,true,true,,
med_4cab71a4cd91d299e6590da3,001327-d4ebd52b59071f378af77dce484f83abd1d5cbda.jpeg,0728-downtown-0401.jpg,3000,2001,1228.55,true,true,,
med_4ce1d50cf90bd8c8bdb7dfec,001263-d5b973d8f754c53f1069f82948ddf0577bf1111e.jpeg,"Patxi, 8b+, somewhere in Catalunya 1 Advance Sport Climbing Course rockbusters.net 1.jpg",1837,1225,2716.35,false,true,hero-resolution-too-small;exact-duplicate,
med_4d50ece13aff61c6196efc23,001318-2b4d171fcd273de3895b6dca5b65ee86dcb348c1.jpeg,Dane in Otre Finale rockbusters.net 3.jpg,5137,3425,1462.58,true,true,,
med_4d6556084307a5e9be4ab0bf,000293-e0cd2ba5bc598a6cebb4079dbe812b87bb049292.jpeg,DSC_6130(r).jpg,5946,3895,2313.1,true,true,,
med_4d79a6ccde50d7ec95ef3368,000715-f3f4220c7f9775666835ac21974f9a8c6ccb4111.jpeg,LaGonte4.jpg,764,573,2561.42,false,false,gallery-resolution-too-small;hero-resolution-too-small,
med_4d8468a9762f8c582caa0ef2,000278-3a5a5956e6799fabe475b70bb5b0f9513e518843.jpeg,Rockbusters_Sella2.jpg,960,720,171.46,false,false,focus-review;gallery-resolution-too-small;hero-resolution-too-small,
med_4dacd65e9faef1b22239fbf5,001239-271d5f43df118695ddba018a690f667e0e0f72d6.jpeg,"Petr Andrla, Bon Voyage 8a, Terradets rockbusters.net 7.jpg",2037,1358,2283.98,false,true,hero-resolution-too-small,
med_4dd563153c0cc426fde5b4ac,000639-c52accde7ebd20dce25d82046eb79506f9a744e0.jpeg,Pablo Scorza.jpg,160,160,1461.65,false,false,gallery-resolution-too-small;hero-resolution-too-small,
med_4e2397cefdd51ec83498f3e9,000061-d92da597cfb9e92e04379c3d40665b7dd2f60b83.jpeg,Ceuse panorama.JPG,5408,1296,998.87,false,true,hero-resolution-too-small,
med_4e38710e291c16095fc0636a,000479-f82af5a9405a6b203eb388de372aa09f53879c26.jpeg,collegats1.JPG,4608,3456,2848.58,true,true,,
med_4ea778a64ff1a6342ece8b2e,001421-73b39b5b637eb56a71b31faf34d7c4ca3d55d4e3.jpeg,Rodellar Rockbusters.net.jpg,1500,1000,1447.35,false,true,hero-resolution-too-small;exact-duplicate,
med_4ecae25b01d418a530eaf162,000208-7b71b3b27dd59babe012757ee3c9aee7c06e38ec.jpeg,Zach Margalef 7.jpg,2599,2052,404.02,true,true,,
med_4ed67e597317da60d73d6590,001023-54e090d1603b5ae410ca65a7531b50ba2f2db333.png,Maribel.png,300,300,78.36,false,false,focus-review;gallery-resolution-too-small;hero-resolution-too-small;near-duplicate;near-duplicate;near-duplicate,
med_4ed8ed0725feea74c3f595ad,001319-41643759e9e33989b7ee051817ec9f891cb901de.jpeg,Dane in Otre Finale rockbusters.net 3.jpg,5137,3425,1462.58,true,true,exact-duplicate,
med_4efcc2e9342780cc39f26fd7,000223-3a8af00154336b18b509716eda7ec34471d7f2f8.jpeg,Laszlo Rodellar 1.JPG,2248,4000,2066.65,true,true,,
med_4f554b84f1d3e6e33418deff,000534-f87b2fa91b6b01a2f3cffa1bf49426104b7e83d1.jpeg,trad multi pitch1.JPG,4608,3456,3360.15,true,true,,
med_4f56889b2f112e6d55796755,000990-3efe3cf6db628d2eba6d3da9df6ca8edd90ccbb9.jpeg,will sim.jpg,323,323,373.44,false,false,focus-review;gallery-resolution-too-small;hero-resolution-too-small;near-duplicate;near-duplicate,
med_4f9670ade77c4ea3e67ca3cd,000362-7a9018089afd4a3d23466958905bc18bcf93678b.jpeg,basque country4.jpg,799,538,1502.26,false,false,gallery-resolution-too-small;hero-resolution-too-small,
med_4fe1655a500a45bcde0e575a,000532-20e4d95ba13d806b5975a1ec17253c4d7e48ff98.jpeg,vilanova de meia5.JPG,3456,4608,1104.09,true,true,,
med_4fe259832b2fd9d8e65e2eda,000094-edd94e5ce110230f95c3493f872540bb4ded2bc7.jpeg,Hege Zillertal.jpg,2370,2244,359.02,false,false,focus-review;hero-resolution-too-small,
med_500515d699dee5a0d65b75f1,000075-302a3b40ce7141f6d0c404d4d498c1eaf8c9e74b.jpeg,1432.jpg,500,333,1255.64,false,false,gallery-resolution-too-small;hero-resolution-too-small,
med_5007c846d83444b4a28e9668,000431-e362f93c1112d804b55e1e23d2cdb64587fec728.jpeg,IMG_0601.JPG,1600,1200,828.07,false,true,hero-resolution-too-small,
med_50127eec071b14867f14fca2,001250-b13cd8599aa2bf5c08a87da2408187b14a265014.jpeg,Dana Weisser Streifen 8- Frankenjura 2021 rockbusters.net.jpg,3916,2610,1232.16,true,true,near-duplicate,
med_503c769e980c1dc964bf8a84,000077-416f06d600fbfadd0b150ba7fbecc127cc7f7c83.jpeg,Foto_Eichler_04.jpg,306,460,1635.91,false,false,gallery-resolution-too-small;hero-resolution-too-small,
med_5073b003c6820a7d1f682a2b,000420-54b3215f0fac87e18a121e89039ed3ca006ac3d3.jpeg,Laszlo Mallorca.JPG,4000,2248,1846.06,true,true,,
med_50869010a9cbfc565a8a4917,000802-6a912d2e40b08dbceacc96ec8e9dad3350d57e07.jpeg,Girls Climbing Camp.jpg,1200,358,1128.58,false,false,gallery-resolution-too-small;hero-resolution-too-small,
med_509fbe22990cdbf0e51b69f5,001370-6de30c751902206fe517e285081b8a967adc0caf.jpeg,arturo face.jpg,1330,1329,1019.85,false,true,hero-resolution-too-small,
med_50a75c04b935a705807b65c0,001429-cb64bbb04595b1f01e1ebbbf12350df110d1db79.jpeg,Marina Frankenjura.JPG,1350,900,1693.16,false,true,hero-resolution-too-small;near-duplicate;near-duplicate;near-duplicate,
med_50cada384987176d62108ad1,000157-452545d2f69309f49482d4b9882553f23a934049.jpeg,Jeff and Ray Gorges du Tarn.jpg,1735,2232,2725.88,false,true,hero-resolution-too-small,
med_510ebe0f530d358562d3e716,000262-50385a2dd745e5d97b8d5171a057c490513c2a9e.jpeg,DSC_0894.JPG,2000,3008,2427.4,true,true,,
med_512e782c8a722fe2eefdabc6,000996-7c6ce33daf84b19fcdb31801a4ebaee7374f8f83.jpeg,Pablo Scorza.jpg,114,114,844.8,false,false,gallery-resolution-too-small;hero-resolution-too-small;near-duplicate;near-duplicate;near-duplicate,
med_513e4022b6fe357e59861514,001018-7a19695327e72e814db948e014ad503637812e16.jpeg,Michel.jpeg,261,261,109.24,false,false,focus-review;gallery-resolution-too-small;hero-resolution-too-small;near-duplicate;near-duplicate;near-duplicate,
med_5149e326314dba2278f62de7,000351-6c52ec67dfb189bca00fbfdedce96188d13be3cc.jpeg,albarracin Zoli 2.jpg,800,600,2856.91,false,false,gallery-resolution-too-small;hero-resolution-too-small,
med_5156c252119a3b1f31022bb1,000158-f945874b6da77457eb8c731f2b36f0efc14ca6aa.jpeg,Jeff Gorges du Tarn 2.jpg,952,1915,2122.62,false,true,hero-resolution-too-small,
med_5163d5847fce3d8fb6a6310b,001414-b28ed3922dbfd1071c0a7aecf025165eaf9f1e7a.jpeg,Pol.jpg,647,647,630.65,false,false,gallery-resolution-too-small;hero-resolution-too-small,
med_5177511762e9241a59412e77,000142-e35cf450620a7c9c71f6c484f6d421df572d6f63.jpeg,Finale Ligure Italy rock climbing.jpg,183,275,2067.68,false,false,gallery-resolution-too-small;hero-resolution-too-small,
med_51ca85da5b48ba2656e8ac7f,000935-9c5356ae1b74a3e0e9cd6a2e94fc4474af0d32ee.jpeg,Helga Rodellar rockbusters.net.jpg,2100,1152,4595.88,false,true,hero-resolution-too-small,
med_523269b9c3a20d42acff692b,000169-536b78b04f560e472aa7c0770f1dceab40a3d437.jpeg,Hochseilgarten.jpg,75,100,5692.66,false,false,gallery-resolution-too-small;hero-resolution-too-small,
med_52e8a6f8dbb7b2f74bb7ea55,001391-80679bb5861c0c852713fea9c75f0eaecf557e78.jpeg,Luci 6b+ Ceuse rockbusters.net 2.JPG,1337,891,1986.76,false,true,hero-resolution-too-small;exact-duplicate,
med_53439153a5d347ceaaa564bb,000592-d7491fa5584a5649b707dd9dc7ba9ee8e91f0b4f.jpeg,Sella-Sella-ClimbingSpain2016-Rockbusters.net.jpg,4000,2248,560.01,true,true,,
med_5371cee7f2b0b0a43dde99f9,001219-7910306543159ebab295b82cd5d7b586415c8886.jpeg,IMG_4632 copy.jpg,1300,867,144.71,false,false,focus-review;hero-resolution-too-small,
med_53d9b45b33555dbd143258a8,000572-dd5da76650ffad595356780da2cc2c6a736c87a3.jpeg,DSC_0314.jpg,1994,2415,1979.23,true,true,,
med_53f61ab328349becd8c32b92,001190-343dbc9136cb00fbd767d3bfcafe3e1eaec7090b.jpeg,calanques-de-marseille-cassis-south-france_109442-1.jpg,626,417,1600.07,false,false,gallery-resolution-too-small;hero-resolution-too-small,
med_540cf2e56d264030d25cfc80,000292-69907b2ee5cac3b8feb94b6a5a53370c21c05e6a.jpeg,_E2B3560.jpg,1000,1500,2280.77,false,true,hero-resolution-too-small;exact-duplicate,
med_54e68152792b9db8621cf1ad,000789-6002e2a79f9f20f64382f67ac794666cc5ba699a.jpeg,Adam Ondra 3.jpg,1200,358,2709.08,false,false,gallery-resolution-too-small;hero-resolution-too-small,
med_54fe20ae330cb1b9266572cf,001159-b8f92154bff3948cae6b8245e579e88e620a6e0d.jpeg,pablo la sportiva demo blog.jpg,1600,669,3083.4,false,false,gallery-resolution-too-small;hero-resolution-too-small;near-duplicate,
med_559240566455e0051f8477f0,000590-7e30986f2a00b4f8c7c91674b55bbd6968bd4b54.jpeg,Karol-Sella-ClimbingSpain2016-Rockbusters.net.jpg,2733,1590,1744.1,true,true,,
med_55abc290d0e1ee745c35ee44,000679-c9a57602d31d45956acae293e0e1f322984d0360.jpeg,Jason Oltre Finale (3).jpg,1300,867,1449.59,false,true,hero-resolution-too-small,
med_55d4e554c5cc4bd0a1b8f2dd,001028-e57f21ea65e698825a93d9c83d5964728f34516e.jpeg,Laszlo.jpeg,500,500,403.27,false,false,gallery-resolution-too-small;hero-resolution-too-small;near-duplicate,
med_56042b1ec27c12becd329706,000869-3b9d7a075555cc7d977e5fec10c30431fd8a7744.png,Screen Shot 2018-03-15 at 14.45.42.png,1437,641,2388.49,false,false,gallery-resolution-too-small;hero-resolution-too-small,
med_563792551e40f1cb28952ce3,001266-32b8506914029f24609067c4e5066e4c32d37ba2.jpeg,"Quim, 7b+, Tres Ponts, Patxi Usobiaga Advance Sport Climbing Course rockbusters.net.jpg",5006,3338,2878.5,true,true,,
med_56453a294fb4ebc2cc369b6f,000354-18ff6142a352c84bf54c1c9e1c86dd85d29a25a6.jpeg,albarracin3.jpg,800,600,2747.67,false,false,gallery-resolution-too-small;hero-resolution-too-small,
med_5689b1610037870228e53ec5,001224-35e47660f061b5c2bd28321e9ea08967fc3a1834.jpeg,patxi usobiaga.jpeg,1600,1066,2045.55,false,true,hero-resolution-too-small,
med_56a4018e9c6f5e152d23f9bd,000955-ed33e0af22cf855a3214c8df4bda2d51813ff85b.jpeg,IMG_1387 copy.JPG,1350,900,1221.78,false,true,hero-resolution-too-small,
med_56ac2b3aef4eb0ab4a71c373,000984-d78d2c77c4ec44e1cfac95c9612148d75f96f44f.jpeg,Petra.jpg,332,328,3386.36,false,false,gallery-resolution-too-small;hero-resolution-too-small;near-duplicate;near-duplicate;near-duplicate;near-duplicate,
med_56b248b9956ac1e102963d84,001285-2aee66a3e60606aebd1d55aeb17a6d2b19d8f5e3.jpeg,balkan-trip-durmitor-bouldering.JPG,1200,680,2011.57,false,false,gallery-resolution-too-small;hero-resolution-too-small,
med_56b9bb0573eec51a7537971d,000691-abc7938cafb79aca96edb39dfb4711dc1181c08f.jpeg,Oltre Finale (4).jpg,1300,867,1678.09,false,true,hero-resolution-too-small;exact-duplicate;near-duplicate;near-duplicate,
med_56ef144c14a7a38f47cc48b2,001087-dd37fc724749a53c194c7d4ea22143abff1cf61b.jpeg,Céüse climbing,1300,867,749.1,false,true,hero-resolution-too-small,
med_571c8ca8e38b3b0a7c2edf26,000660-8a306a04e00c890422b615728a23d26139a17607.jpeg,"Jan DWS mallorca, cala barquez1.jpg",2048,1365,1459.56,false,true,hero-resolution-too-small,
med_573fc8b07bb4fd69b96b034e,000039-3ea5326ce73a44ea9611a2a08cb093e9d4662ea4.jpeg,Ceuse.jpg,2807,1980,62.93,false,false,focus-review,
med_58478903040141f1e72e2c16,000359-6ca48a7ca831207e52ae09e29057b487cd2f00e8.jpeg,Apellaniz 2.jpg,800,534,1161.73,false,false,gallery-resolution-too-small;hero-resolution-too-small,
med_5870db75e1be2dcde7900d41,000740-f09c37f28248281700948aa6f336342352b7cc18.jpeg,Adam Ondra and Rockbusters Siurana.jpg,4040,2712,1649.02,true,true,exact-duplicate,
med_58c26af5014a93d6f81c52a0,001175-28ddf2713a32837f0033e0db7691713d5333c54f.jpeg,Alex Frankenjura 6b+ rockbusters.net 1.jpg,4021,2680,2226.33,true,true,exact-duplicate;near-duplicate,
med_58fbb00561c06915969729f3,000566-c21c91b63a1f743418c50f0dd3c1bc75a7be1148.jpeg,Ernesto_Rockbusters_Rodellar.jpg,304,206,1910.5,false,false,gallery-resolution-too-small;hero-resolution-too-small,
med_5910e80672ea3800f618a29e,000282-129457842b479a70999e027ff9fd97d4dc9c1e04.jpeg,Zoly_Rockbusters_Albarracin.jpg,206,274,471.94,false,false,gallery-resolution-too-small;hero-resolution-too-small;near-duplicate;near-duplicate,
med_594f7bb3d0d8053c7cc51097,000690-82af285ebed02b05ff24d52cb3f648814f449571.jpeg,Oltre Finale (2).jpg,1300,867,1543.29,false,true,hero-resolution-too-small,
med_599c7ddd0a407b74b0619bce,000571-bbb0636297a880320e310b48c745116b1ecfee89.jpeg,Peter Bouldering logo3.jpg,1601,319,5093.07,false,false,gallery-resolution-too-small;hero-resolution-too-small,
med_59a0451bdda5632adc7c833d,001338-6f33192d3cc755c08e9fcc21962ff7f23c73f024.jpeg,balkan-trip-dinosaurs-in-smokovac.jpg,1200,680,1917.57,false,false,gallery-resolution-too-small;hero-resolution-too-small,
med_5a1793652d334ce1b970c65b,000957-28c4cc4920aa9e34e02015e9176a0f772f29f15f.jpeg,IMG_1387 copy.JPG,1350,900,1221.78,false,true,hero-resolution-too-small;exact-duplicate,
med_5a7e54cad1cdd91ccb21c454,001415-ba8429e4d9f00f131fd27fd7c824ffc447cb5234.jpeg,Kostas Grafanaki.jpg,733,721,619.12,false,false,gallery-resolution-too-small;hero-resolution-too-small,
med_5a8b82ecdbbaaff7ed046f9b,001074-910728f54328dcc5323a808a8ebaa0fd6111a438.jpeg,competition.jpg,3034,1534,1138.91,true,true,exact-duplicate,
med_5ab9f946c29a5b9497733c0f,000301-1fe3e7b0f2e5523840d6307aa8e33167543a4f88.jpeg,IMG_1968.JPG,1600,1200,813.35,false,true,hero-resolution-too-small,
med_5b0727a13d6c80c08c42c510,000510-8a1d8b2d40b73150121002bfeff67853d544a0ad.jpeg,Monserat.JPG,3000,4000,2010.81,true,true,,
med_5b0ef878055b496600f43e9c,000616-445cd548b57550c1eeb950bc8f0888061bf23c88.jpeg,jany.jpg,1031,1162,1463.84,false,false,gallery-resolution-too-small;hero-resolution-too-small,
med_5b0fe869c857ea6e986fad63,001267-323e6266215ae6e2056a6d467c6d00ee1d1e8ea2.jpeg,"Rado, 6b, somewhere in Catalunya, Patxi Usobiaga Advance Sport Climbing Course rockbusters.net.jpg",2409,3614,1864.47,true,true,,
med_5b1453655f4736b6ded0fbf8,001070-0c3f7587651d76f643e30c6df0ba352c1274cb18.jpeg,Daniel Rodellar rockbusters.net 2.jpg,4588,3059,2491.12,true,true,,
med_5b70bde483e10617a0037b9b,000801-d949fa492e951a1e53cb48adb2b418722a1fcf73.jpeg,Erin default 1.jpg,1200,357,2426.78,false,false,gallery-resolution-too-small;hero-resolution-too-small,
med_5b841c274bd9e5aee739bb07,000274-8173c18f7d4980d8191249298a96909042c43658.jpeg,petra05.jpg,1020,1417,1525.12,false,true,hero-resolution-too-small,
med_5bb2d21ecb4f44bffbc178d0,000002-948349b23844c2e684ca8cb7fa899e3d2f3bf82e.jpeg,DSC00744.JPG,2048,1361,3956.57,false,true,hero-resolution-too-small;exact-duplicate,
med_5bb5f1c7092867d2179d6849,001048-50c4643e39c2ac2e9cdffe87682a938ebfa7d389.jpeg,zbyna.jpeg,500,497,2234.94,false,false,gallery-resolution-too-small;hero-resolution-too-small;near-duplicate;near-duplicate;near-duplicate,
med_5bd337aff566bc58344cf011,001038-144591c8d833d3d0241f6659be053cba54ffaddd.jpeg,Bere.jpeg,500,500,439.45,false,false,gallery-resolution-too-small;hero-resolution-too-small;near-duplicate,
med_5c19e28170dd195963254c8a,000491-a0b5df6a3515bbc09d986eb3940c8c81cdd12ad0.jpeg,Mont-rebei vía gritos y susurros o diedro gris.jpg,1280,904,4480.36,false,true,hero-resolution-too-small,
med_5c471a212b199aa0f988f1df,000615-55f0e27eaa602c4a1bf42959eec3d606cc711f71.jpeg,ja_hlava.jpg,375,483,329.98,false,false,focus-review;gallery-resolution-too-small;hero-resolution-too-small;exact-duplicate,
med_5c87d057473f3a48eb13c7af,001308-7fbc1b423eaad25897a93d00b1d17981a576f757.jpeg,Beginner Learn to Lead in Frankenjura 2021 rockbusters.net_001.jpg,5193,3462,2615.57,true,true,exact-duplicate,
med_5cc308f57d6a73ac1fa206e0,001200-103ae94d3bff5808c7dd1452d6a557e677ac0a69.jpeg,riglos.jpg,1200,765,1341.24,false,false,gallery-resolution-too-small;hero-resolution-too-small;exact-duplicate,
med_5cfbfee89fbb09f87b4d51c4,001193-ab4f0bd322f079c2662dcde55ec32009d0c029fc.jpeg,Ishan Gorges du Tarn www.rockbusters.net (3).jpg,1300,867,1264.03,false,true,hero-resolution-too-small,
med_5d02843df899939ffa82fba1,000835-a7c06a9aca255d1e1f2910fe3588b3ed04031038.png,theCrag-logo-2017-final.png,825,300,7004.52,false,false,gallery-resolution-too-small;hero-resolution-too-small,
med_5d328ebb70aca2dc7c5ea4ce,000709-9f6d39421ebc1eba937fe670524b4612de0f8a60.jpeg,Les Calanques1.jpg,600,355,3652.65,false,false,gallery-resolution-too-small;hero-resolution-too-small,
med_5d3444c57430a9a073a21502,000543-1df20fa0dfeba197b2d432bd849866bc5a2e3b26.jpeg,trad multi pitch9.JPG,4608,3456,2286.98,true,true,,
med_5d7379876fd00dfd8d1de358,001440-e7046bcdc3f310556924470f67766f2e0655a4b9.jpeg,lottery.jpg,1264,842,2592.6,false,true,hero-resolution-too-small;exact-duplicate;near-duplicate;near-duplicate,
med_5d9644fb9377da7a6d38f05a,001177-35191ad51482c6dc3d1c2811bc52faf61a331e2f.jpeg,Charizze Climbing Trip Europe Gorges du Tarn 2018 rockbusters.net (3).JPG,867,1300,546.31,false,true,hero-resolution-too-small;exact-duplicate,
med_5db816d0c99f39e63d213f04,000469-b265435fad74de0dcf26d65b7ef8ffa032797f73.jpeg,collegats En la vía Sang de Crack.JPG,4000,3000,1612.39,true,true,,
med_5dbe8ddb5ced390e70c35bc9,000060-3b3ed6e5b6b445fbfb0e3f586ca495f4c7d71b29.jpeg,rock_climbing_ceuse12.jpg,612,448,3008.99,false,false,gallery-resolution-too-small;hero-resolution-too-small,
med_5e16ae38006e05069488aadd,000046-33f2200253365c5605778b2ea8bba6b98b807384.jpeg,Ray Ceuse 3.jpg,3234,1729,448.43,true,true,,
med_5e4db677a683f8abee95024d,000425-c90fa9d63dc94b3629363585151f7850db21d765.jpeg,PA211285.JPG,3264,2448,489.89,true,true,,
med_5e963265981fc6bdbc976266,000131-52cb6a2b8fc7011866a5da3226857bf9d90703eb.jpeg,Michel Finale Ligure.jpg,2248,2870,498.93,true,true,,
med_5e9644e3745dc06001a6ca1d,001215-66d9c4e1b07159532ccb5e43113175eec558c866.jpeg,Yann Frankenjura Ejakulation 7a rockbusters.net 2.jpg,5546,3697,1063.21,true,true,exact-duplicate,
med_5ebaa7bd640d01c94461a85d,000887-0a22d431d2cceba55afdb50dacc7ea416b5c5735.png,Screen Shot 2018-04-14 at 00.21.45.png,1394,766,896.33,false,false,gallery-resolution-too-small;hero-resolution-too-small;exact-duplicate,
med_5f149c2dff4a24827f2ea4d0,000640-dc094af49e09aed091b7a0b80b010420cb76024c.jpeg,Adam Ondra.jpg,1200,772,1571.15,false,false,gallery-resolution-too-small;hero-resolution-too-small,
med_5f575a10287231485954a14a,001046-38836f97fc6607eb7d211f97c0eacb3dfb60efcf.jpeg,Mija.jpeg,500,500,444.01,false,false,gallery-resolution-too-small;hero-resolution-too-small;near-duplicate;near-duplicate;near-duplicate,
med_5f76181869f8116d776de59e,000884-eacce86db49d15b0fe297d220903a106fb3def85.png,Screen Shot 2018-04-11 at 10.24.06.png,1137,647,1331.98,false,false,gallery-resolution-too-small;hero-resolution-too-small,
med_5f85d3c5ba3c370ab603909c,001280-39313ce2217ed7435075236f7053a387f1f7171e.jpeg,big_project_klemen_004.jpg,1200,857,4187.46,false,true,hero-resolution-too-small,
med_5f955585419832d824a3ce47,000713-09e2f6ed3efeea252205dad87a00f650bc827d0d.jpeg,Les Calanques5.jpg,480,320,2211.06,false,false,gallery-resolution-too-small;hero-resolution-too-small,
med_5fb3700066d065268619522e,000243-48e0f0c11039abd86aef460645a21a7312c461a7.jpeg,Shawn Rodellar 4.jpg,2818,2067,1008.59,true,true,,
med_5fbe1a854100889a2421e245,000698-20aaf60d96212d22fac7f219a5f9a8f00ac1d2ec.jpeg,Oltre Finale (5).jpg,1300,867,1471.42,false,true,hero-resolution-too-small,
med_5fc66bf5f7a090ad88e09040,000468-e1fba67c1508974084f120b6fa25667294e2a9ca.jpeg,collegats el congost de Collegats.jpg,1600,1200,1892.59,false,true,hero-resolution-too-small,
med_5fda71af71780d894f4c56e7,001076-06072c6643b4dd6507b3ab6621a8705bb098b655.jpeg,Bouldering Albarracin,2816,2112,2268.31,true,true,near-duplicate;near-duplicate,
med_5fe6bc5ee89c555c22dbc3c7,000762-abcd4a0ae72bd9bc090e189b6eec3f44eb9a2cc4.jpeg,Linda Adam Ondra & Patxi Usobiaga work shop Rockbusters.net (2).jpg,1000,1500,5490.52,false,true,hero-resolution-too-small,
med_5ffc5e610a18b35a114e3e8e,000663-a8da0e0914776cec37e1c780747077c774b3282b.jpeg,Ceuse.jpg,1300,867,825.99,false,true,hero-resolution-too-small,
med_60405a8ecf223ce70e9642dd,000375-2936ce038254b17068bef843d0c9adc71587f4e6.jpeg,cuenca canyon2.jpg,800,1067,2652.65,false,false,gallery-resolution-too-small;hero-resolution-too-small,
med_60753aa7624528c96f0ca348,000771-a3eb65e27de5fcf67cc3174afa17b0f5eef398d4.png,27crags.png,218,50,21982.89,false,false,gallery-resolution-too-small;hero-resolution-too-small,
med_609ca0ea5640044930c45c0b,000975-c668c369fc6580e91aefa33dcd4761e26fbcdf82.jpeg,Aleksandra Europe Trip Zillertal 2019 rockbusters.net.jpg,1200,800,1361.46,false,true,hero-resolution-too-small,
med_60a3492aeaf8d9c6e6256e73,000306-921594ce27c9115b9a51b5811093fffb1714907b.jpeg,P1020371.JPG,2448,3264,1441.28,true,true,,
med_60d02d75db5af01d6d9de897,000111-34d21ca15f7fb3182913212c78b6c80359c1bf92.jpeg,Zillertal4.jpg,100,67,4403.27,false,false,gallery-resolution-too-small;hero-resolution-too-small,
med_61068bbd4a564c86e7d83fa9,000868-cd71d105f2a26672d88b4b8ea45ad73a8d13a175.png,Screen Shot 2018-03-15 at 14.44.41.png,1425,637,1168.46,false,false,gallery-resolution-too-small;hero-resolution-too-small,
med_6176ee528ee715bd713abf72,000232-0160f467d8efb7ce5f81e074a7e0acce1b94d72b.jpeg,Ramiro Rodellar 1.jpg,3020,2248,1207.83,true,true,,
med_61872eec56d24c4ef620463d,001037-3acdc84189cbe2913ff3ebe71cacf7c20e268f60.jpeg,Pablo.jpeg,500,500,49.45,false,false,focus-review;gallery-resolution-too-small;hero-resolution-too-small;near-duplicate;near-duplicate;near-duplicate,
med_61b2e7c76b0c2870cc21d032,000521-ceee6851d45bd15cbbc4cea40d07de66942c13b2.jpeg,vilanova de meia.JPG,4000,3000,1403,true,true,exact-duplicate,
med_61ba16a6400db78652701121,001388-5fca4b2913603301dd6e143f51dffdc80c5b96fb.jpeg,el-lago-enol-en-los-picos-de-europa-asturias-1152x759 1.jpg,1152,489,1453.78,false,false,gallery-resolution-too-small;hero-resolution-too-small,
med_61dce6bc0b8114e68df7571d,000106-769d67551f6ac15ebb11df13e9d5432590151781.jpeg,Salima Zillertal.jpg,2326,2244,744.74,false,true,hero-resolution-too-small,
med_61e0649392f7a4b814b3c975,000321-a34bff7714208a41e9240e1a60e0073a0f13f97e.jpeg,albarracin11.JPG,2672,4000,1145.17,true,true,,
med_61fd26a0778d35b59e7b44e6,000878-ea093cba715bb2fb821c66be69e2994245ec6c2a.png,Screen Shot 2018-04-06 at 12.40.37.png,1089,774,918.66,false,false,gallery-resolution-too-small;hero-resolution-too-small,
med_6215dfb9f46cf8288eb06451,000110-bd7b64c9b3b7fb15f2f79b86aa00c567b6cb7474.jpeg,Zillertal3.jpg,100,66,11699.01,false,false,gallery-resolution-too-small;hero-resolution-too-small,
med_621ed3f1d492796f6eb41a50,000444-a9dd73110bb46ca2571a4e3aac9817dd61222339.jpeg,DSC_0117.JPG,6000,4000,2740.6,true,true,,
med_62203a51b1653cd2ef69d8ae,000407-618aa507cf362f67b338bda1f9b551a074a18121.png,Maribel.png,121,199,893.75,false,false,gallery-resolution-too-small;hero-resolution-too-small,
med_624615269c2cf72b48fd1d10,000563-4a285d1e1011faf80240bae7aad06dc33c496364.jpeg,Rodellar Ventanas 1.JPG,2248,4000,797.82,true,true,,
med_624cfa8345ee86c62593ce91,001031-2fabe34efb279ea96fe7fe3cd6d49af05074b1f1.jpeg,Ritch.jpeg,500,500,201.43,false,false,focus-review;gallery-resolution-too-small;hero-resolution-too-small;near-duplicate;near-duplicate;near-duplicate,
med_62642a8a273e318dd7c57efc,000630-f1848e7e9464d78af074d6b897f6da9f0b6d9240.jpeg,Patxiedit profil.jpg,400,400,440.16,false,false,gallery-resolution-too-small;hero-resolution-too-small;near-duplicate;near-duplicate,
med_6285c995cc8d9f6b418831bf,000987-6f48d90b84d76df9d510ab9cea84cfbd29df05de.jpeg,adam ondra profil.jpg,1424,1424,446.24,false,true,hero-resolution-too-small;near-duplicate;near-duplicate,
med_629d771707ad1130c74adcb9,001228-565b5f18ea30daee92b69d88208ee3a4725d4a0c.jpeg,22690231_10214262100044800_1382177898_o.jpg,1200,800,1712.16,false,true,hero-resolution-too-small;exact-duplicate,
med_62af122bc77bbd124c8f78da,000367-37c9b02791b4e66e3ca6f291eb29b16f2809e8b8.jpeg,pamplona san fermins.jpg,800,543,4017.97,false,false,gallery-resolution-too-small;hero-resolution-too-small,
med_62b3268da0bcba573ce76ccb,000512-1ab294f101cad587c174a6037416c4d1591ece17.jpeg,Monserat2.JPG,2560,1920,175.94,false,false,focus-review,
med_62d927a60e36a0e4a32485bf,001131-eae1cfeff0a58f639011f41c25da8686cbb038ad.jpeg,foto.jpg,685,867,819.4,false,false,gallery-resolution-too-small;hero-resolution-too-small,
med_62faf8197b27efb777ecf23c,001271-67c22e2de978e1df121158c1a799eacfc49a6f9d.jpeg,"Rado, 7b+, Tres Ponts 2, Patxi Usobiaga Advance Sport Climbing Course rockbusters.net.jpg",4433,2955,2328.43,true,true,,
med_63233b011b161ffc79c0e4e8,000938-95dea86a4f4d4c8a324ac4b2b421835cd2514d1e.jpeg,Alexis5 climbing trip spain 2019.jpg,1300,714,3407.65,false,false,gallery-resolution-too-small;hero-resolution-too-small,
med_6327d470015ce00cc9c5953e,001047-de5fa6483265709136a1553a939b1bb58cb6103a.jpeg,zbyna.jpeg,296,294,3195.12,false,false,gallery-resolution-too-small;hero-resolution-too-small;near-duplicate;near-duplicate;near-duplicate,
med_63472494c8ad2b8d16cc66a0,000272-a424539c229387b5fbdd3c0db2ef34afec1295e7.jpeg,Petra_Rockbusters_Rodellar.jpg,728,960,4469.25,false,false,gallery-resolution-too-small;hero-resolution-too-small;exact-duplicate,
med_6373a042fe35905f1094d83a,000816-e90b7bba62ebc028efb15ec716a16d5b05bcc795.jpeg,Jany default 2.jpg,1200,358,1977.67,false,false,gallery-resolution-too-small;hero-resolution-too-small;near-duplicate,
med_63bfb182b157482e22b48cd3,000050-7407de5e7f168ab61198fce7f189cf97e6310aa0.jpeg,Ray Ceuse.jpg,1411,2171,730.72,false,true,hero-resolution-too-small,
med_63d42444cc58c1cf9911aee0,000886-6c656881dc1fcab74dadeeefada8b454b75ee164.png,Screen Shot 2018-04-14 at 00.21.45.png,1394,766,896.33,false,false,gallery-resolution-too-small;hero-resolution-too-small;exact-duplicate,
med_63db06276264417b1d5459de,000909-c0592d6a77bd811925609a360f5b0e4b168ba196.jpeg,"Melinda, Rodellar, Libera tu Mente 7b.jpg",2367,1578,1911.24,false,true,hero-resolution-too-small,
med_6402e67a3a95e80307a6d514,000393-48c44a1084d5e324f6fb43dcada8ab64157a6a77.jpeg,finale mapa.gif,800,630,3341.04,false,false,gallery-resolution-too-small;hero-resolution-too-small,
med_6424f3ccefae1b7e9652da40,001005-346d0d5ea1333db7986f53eb766b927df456adb3.jpeg,201905_la_sportiva_logo.jpg,705,318,5616.81,false,false,gallery-resolution-too-small;hero-resolution-too-small,
med_643075e9b963b8736a0b89d3,000137-c6c965b86801c7b16e935a720c8edd5b50a0023e.jpeg,Minoru Finale Ligure.jpg,2248,4000,1296.19,true,true,,
med_646be2a29aebdf60c5868f3b,000894-9752dc9005546e16b8bc25e796b224739896a685.jpeg,climbing-with-adam-ondra-matt-groom-s-vlog-from-margalef_3.jpg,1200,800,4304.85,false,true,hero-resolution-too-small;near-duplicate;near-duplicate;near-duplicate;near-duplicate,
med_64a21b6261a1f213f4187f35,000814-503dc4e821907d976069812dcd778e7a8c67ffc1.jpeg,Ishan Gorges du Tarn www.rockbusters.net (2).jpg,1294,386,1287.13,false,false,gallery-resolution-too-small;hero-resolution-too-small,
med_64d02388ff9d5ada902e1158,001119-5144e352d268afcd1047623a5239e83f7a3582ee.jpeg,Labske Udoli climbing,2296,1847,1486.14,false,true,hero-resolution-too-small;exact-duplicate,
med_650645c78af32ca898e269ad,000071-e308c00851f5a922f171da203e88246b234cda7d.jpeg,Zach Labske Udoli 3.jpg,2869,1989,1073.1,true,true,,
med_65369abf70cafbf0c13eeebf,000879-65e6140d2b52a9f85d6414a882a718215dcd6b4f.png,Screen Shot 2018-04-06 at 12.56.13.png,851,476,1526.17,false,false,gallery-resolution-too-small;hero-resolution-too-small,
med_653e4c25c9d959eccc128b1f,001149-c5bec96d263d7bd07af32354d90d0b3ddcee5677.jpeg,Espadelles Margalef 2018.jpg,1362,910,1508.04,false,true,hero-resolution-too-small;near-duplicate;near-duplicate;near-duplicate;near-duplicate;near-duplicate;near-duplicate,
med_6554a1c84b7595eb16ff51f3,001446-25e47ac034a827ce6322ec124a86390ab666d292.jpeg,Screenshot 2026-06-09 085043.jpg,1203,1792,4554.1,false,true,hero-resolution-too-small;near-duplicate,
med_6562640029a94eb6b49ca58b,000472-f94feed8197c9022a165d8b5d5cbbfce93ee9819.jpeg,collegats ins al moll de l´os (7b) Pared de la Geganta.JPG,2560,1920,2539.23,true,true,,
med_657c13761ff43bdbd3f313ca,000088-4194c5eb1d5806a89c011a2dff0105aa1bc3ebc2.jpeg,Frankenjura06.jpg,612,448,2148.58,false,false,gallery-resolution-too-small;hero-resolution-too-small;near-duplicate,
med_6591a8ee50702a6dae91603e,000126-7d726b947e06ba92d418473cb453c97eee4485c7.jpeg,Kim Finale Ligure 6.jpg,1160,2002,993.31,false,true,hero-resolution-too-small,
med_66018cbbc495cb5a48c6f67f,001371-62741f9f37454235daf89bbe4d5a56d30ed887b6.jpeg,Luci 7b Margalef 4.JPG,1143,762,2032.97,false,false,gallery-resolution-too-small;hero-resolution-too-small,
med_66742eaf5c09b7be708af36a,000411-758e614a2133d0c3cc7fdb77c82a74d1a86e1f11.jpeg,mulerintime3.jpg,1024,683,3432.47,false,false,gallery-resolution-too-small;hero-resolution-too-small,
med_668967ad92ad4062ee389fad,000450-e506f161eff9779475e8c0cf0cd16e9a40bff4f8.jpeg,onyx.jpg,304,267,753.72,false,false,gallery-resolution-too-small;hero-resolution-too-small;near-duplicate,
med_66a10ab10275853bc9f23b38,000434-b2b343207eba01ff180164522669eb2f9efd2a07.jpeg,Petra.jpg,332,328,3386.02,false,false,gallery-resolution-too-small;hero-resolution-too-small;near-duplicate;near-duplicate;near-duplicate;near-duplicate,
med_66a3149c79096fc35bae6172,000821-9224d0e7949f2f7f3c1b81d3e6b7930076ea8fa1.jpeg,Klemen Bečan 7.jpg,1200,358,1570.06,false,false,gallery-resolution-too-small;hero-resolution-too-small,
med_66a8f1b18031d6d140f3a612,001381-cc398051fab1e00fd8f79a9244fd7a400fec84d8.jpeg,Kyparissi Klemen.jpg,1200,800,2523.57,false,true,hero-resolution-too-small;exact-duplicate;near-duplicate,
med_66a9821f25272c5327377355,000766-bb82d32be550c90f0b46b4e6276f146898d73f3b.png,thecrag.png,1296,402,4382.03,false,false,gallery-resolution-too-small;hero-resolution-too-small,
med_66d80beba11c82e5874e2e68,001227-084d440974129af4f91b6085fccb3dd6ffb7738d.jpeg,Adam Ondra 6.jpg,1500,1000,1648.77,false,true,hero-resolution-too-small;exact-duplicate,
med_66e64737b3218e5197038695,000897-545144643839765fe39488887c717ce3fba060f7.jpeg,remenievemayo2.jpg,1024,653,2662.13,false,false,gallery-resolution-too-small;hero-resolution-too-small;exact-duplicate,
med_670bcfec0c87e71182841f61,001010-77b29676f24c00359291507a8c11881d3c46e5a0.jpeg,Ritch.jpeg,300,300,241.31,false,false,focus-review;gallery-resolution-too-small;hero-resolution-too-small;near-duplicate;near-duplicate;near-duplicate,
med_671129c3547dbc471dbe37f1,001144-38092d8fb3a8adfa6c3249c17ffd75db83db765e.jpeg,Espadelles Margalef 2018.jpg,1362,910,1508.04,false,true,hero-resolution-too-small;exact-duplicate;near-duplicate;near-duplicate;near-duplicate;near-duplicate;near-duplicate;near-duplicate,
med_6724910fccbe6285ee1bee57,000458-3d5f39a2ac29d4db3e691210094b0f047c4456c1.jpeg,extasy screw.jpg,304,267,3768.57,false,false,gallery-resolution-too-small;hero-resolution-too-small,
med_678ff0fed316a7eef7eeb3ab,000576-92307d147e94d02c5f7dc899db4684a44f8087e6.jpeg,"El Chorro, Camino de Ray.jpg",423,282,1704.9,false,false,gallery-resolution-too-small;hero-resolution-too-small,
med_6793939048214d23da2337e8,000470-4a4b1f5ffa2fb717b183f2a9224afa41762e946e.jpeg,collegats Escalando el Fashman Diedral (7b).JPG,4000,3000,1640.42,true,true,,
med_6794c1beae4ca93abe24701e,001259-d2c1a3e59555e124b70e2e688b567e65e2aaba2a.jpeg,"Miha, 7b+, Tres Ponts 3, Patxi Usobiaga Advance Sport Climbing Course rockbusters.net.jpg",2375,3563,2498.97,true,true,,
med_67bf90437f68e7e21bcd92aa,000165-034bd009f42b8d01effa4820b9e738e0fed3230e.jpeg,Maria Gorges du Tarn.jpg,2248,4000,657.51,true,true,,
med_67c2cd56ac48363b7c1470a1,000447-9f5fff1487b8a68789ba6acc245f8d5c9429f798.jpeg,Hero 9.6 dry.jpg,304,267,1806.5,false,false,gallery-resolution-too-small;hero-resolution-too-small;near-duplicate,
med_67c63e273b00bfb5324340a2,000839-744c6a30018ed6f2eabcaa6f6a0f00c9bd3f410a.jpeg,Patxi.jpg,2248,671,3351.9,false,false,gallery-resolution-too-small;hero-resolution-too-small,
med_67f407f9c0219ca8f8d2d167,001264-239f2dee15a8c497df6c5a5c3261cee5e110b01e.jpeg,"Patxi, 8b+, somewhere in Catalunya 1 Advance Sport Climbing Course rockbusters.net 2.jpg",2734,1823,284.47,false,false,focus-review,
med_68186b131068799b25f6a18e,001210-c4a17a2e7a41e3bc9b7dc0aace4d41386429d099.jpeg,Rockbusters contest.jpeg,1600,702,4250.77,false,false,gallery-resolution-too-small;hero-resolution-too-small,
med_68cca520f751567bd2033590,000687-389d44dd5e559d2decf5c0b1648ee8268f02910c.jpeg,Martin Oltre Finale (3).jpg,1300,867,840.69,false,true,hero-resolution-too-small,
med_68ec7085a7b4dc0e0fb59dc6,000673-6da425b55dd998e60f0b6a894ee8df7a244e5fc9.jpeg,Céüse climbing,1300,1950,644.7,false,true,hero-resolution-too-small,
med_692537f4046b1694f3959621,000637-b489d49ce03611741ad3090fdf05984bc654cef7.jpeg,Daila Rodellar.jpg,612,612,2812.04,false,false,gallery-resolution-too-small;hero-resolution-too-small,
med_692cce8944b039294dfef95e,000785-d70fc7e949ffd5df7ff899831ac8169f1b2345e5.jpeg,bouldering Albarracin 2.jpg,3988,1190,932.24,false,true,hero-resolution-too-small;exact-duplicate,
med_6a0c969cc4496c915022a08e,000606-faebd6235316c3b6874df7c3518d282cf6a42e5a.jpeg,Nan3 Siurana_ Spanish Climbing Trip 2016.jpg,2770,2245,541.38,true,true,exact-duplicate,
med_6a417905e8f4591defb71c40,001111-eb83898871bddff673f1ec0afd9573bc2dd51992.jpeg,Climbing Trip Europe Gorges du Tarn 2018 rockbusters.net (3).JPG,1300,867,2526.49,false,true,hero-resolution-too-small,
med_6a556a44f834555ae5bea4a7,001238-20d8931dec827be323f6c6aa3a27fdc5c172dee2.jpeg,"Petr Andrla, Bon Voyage 8a, Terradets rockbusters.net 7.jpg",2037,1358,2283.98,false,true,hero-resolution-too-small;exact-duplicate,
med_6a585e042f95cfddcfc9e7e9,001254-fe2b50283b6766a14b4925c35bb49249da5fa176.jpeg,Advance Sport Climbing Course with Patxi.jpg,5473,3648,2758.23,true,true,,
med_6a860bb7f661800a4d4f4e14,001094-4e9f3af6c7a96622b9b1f90b8d5b2589a99bd2f2.jpeg,Hege Finale Ligure.jpg,1965,2221,574.08,false,true,hero-resolution-too-small;exact-duplicate,
med_6a8e30709aafef365aeebde8,000380-b1be2ba83b2865e40061c115192fae2ecb9515a8.jpeg,cuenca valeria.jpg,800,600,1808.95,false,false,gallery-resolution-too-small;hero-resolution-too-small,
med_6b2d7c391739ef5b80cc3bcb,000419-d8a44e57f06b0b4075609c4284c31b54d77cdbfb.jpeg,Laszlo Mallorca 2.JPG,4000,2248,2065.64,true,true,exact-duplicate,
med_6b77d6c2a5c0a8ccd43c2c87,000360-b0645dfb0210f8f99de9573ed7eb0f0f13454c8b.jpeg,basque country2.jpg,800,569,1677.19,false,false,gallery-resolution-too-small;hero-resolution-too-small,
med_6b8a5af07adb43f95f7fa033,001172-a5d56331f1a2e5598ab396a43ced9232d4bf1a20.jpeg,Dave Graham.jpg,600,600,281.83,false,false,focus-review;gallery-resolution-too-small;hero-resolution-too-small,
med_6bb574c646810b258e49c41c,001243-1e0f255a8b5251266ea26cc96bf95f7c4ebee381.jpeg,Matej Ejaculacion 8 Frankenjura 2021 rockbusters.net.jpg,5384,3589,1596.02,true,true,exact-duplicate,
med_6bfe53f3898b3446df0980ce,001409-e33f61beb0911c9247fab154b54584016f0903f3.jpeg,Jan Mallorca 1 DWS.jpg,1300,867,1810.94,false,true,hero-resolution-too-small;near-duplicate,
med_6c3715853fe433e062d0d81e,000485-c4b806226a5bc92147e392361ad2a7741cb08447.jpeg,Mont-rebei Parte superior de la Cor Salvatge.JPG,4608,3456,1883.02,true,true,,
med_6c8350052a509370986d98cf,000298-ac6945c06c39a0b1e67bcfa25d06076aa53e9c37.jpeg,IMG_8840_1.jpg,2592,1728,2567.8,true,true,,
med_6ca05847db68c2a4ec869008,001226-cdd6d50aca0ade4f1f4e7edbcf04127d5913dacf.jpeg,Adam Ondra 6.jpg,1500,1000,1648.77,false,true,hero-resolution-too-small;exact-duplicate,
med_6ce68dcc7d9a7716ae88e42c,001217-c4fe0d468926c6fa6c4c4992ae413a83cd36a37d.jpeg,JanClimbsTrad.jpg,1300,872,3629.93,false,true,hero-resolution-too-small,
med_6d7f13b8b352a6ab321ce673,000513-7f76fcd22d67b74bba27993ca85b22b35f729b23.jpeg,Monserat3.JPG,4608,3456,102.88,false,false,focus-review,
med_6db1fa8494c447647dfc1b89,000498-40f1fe47db7ba195a6ad02b933a5f1be86b7604a.jpeg,Monserat Aguja Caval Bernat por donde discurre la vía Punsola-Reniu.JPG,4608,3456,4217.28,true,true,,
med_6ddfc1858fa705e9fe151c7c,000867-419a5a8120062db6ab1f86c5de339e4fe123e22f.jpeg,KAB_9195_resize (1).jpg,3000,2000,1491.55,true,true,,
med_6e095b0d5bec9d6dace9074a,000798-d63d9afb01d65e29bccf165ce8d6a797e34fe053.jpeg,Brother Rodellar.jpg,1500,448,2382.31,false,false,gallery-resolution-too-small;hero-resolution-too-small,
med_6e9e6dc18729ac3558134672,001286-156814ba7362b5d98e570abb135064b4ed3f9c14.jpeg,Climbing grade conversion.JPG,873,587,10305.69,false,false,gallery-resolution-too-small;hero-resolution-too-small,
med_6e9ef8b6ba17e445b7fd7152,001323-ce695eba3126bdd24d036f30dac07b58bfb0f92b.jpeg,Matej.JPG,800,800,299.25,false,false,focus-review;gallery-resolution-too-small;hero-resolution-too-small;near-duplicate;near-duplicate,
med_6ebb5eff4f893a5cf78fac3d,000397-030a9017dec7c5dba6b94cd706f102ac90603374.jpeg,kalymnos.jpg,800,1206,726.06,false,true,hero-resolution-too-small,
med_6f033ccbd36e23dac1e51466,000045-30c5d4b2b96d8643008b1834043462d235ce1f87.jpeg,Céüse climbing,1470,3582,506.51,true,true,,
med_6f289cda6859a9e2d7efa297,000258-cc0ee3deff36252dfbcb551988fb51cb0f3abfb2.jpeg,Doke_Rockbusters_Rodellar.jpg,650,960,1857.6,false,false,gallery-resolution-too-small;hero-resolution-too-small,
med_6f2e6c575f3357002608def0,000463-68a982b31b38e1bf5ed9605d9a9d5ee17a2d2f35.gif,collegats croquis via sang de crack.gif,656,950,7371.83,false,false,gallery-resolution-too-small;hero-resolution-too-small,
med_6f5835838b6388ad1c0d5ee1,000655-f76b6efc771741ca4dc8e534f164337d1712b91f.png,image1 (1).PNG,709,709,690.11,false,false,gallery-resolution-too-small;hero-resolution-too-small,
med_6f964570a82e8a014a289e17,000777-34ce4ac065916817e7bbc2a51bc0c7867015fae6.jpeg,KAB_9195_resize.jpg,3000,2000,1491.55,true,true,exact-duplicate,
med_6f9acb415248cbaa5b2756fc,000052-f804adbafe3921c0e83442a660e8957f56770fa9.jpeg,Ceuse_Bibendum_7a_3.jpg,450,297,2186.07,false,false,gallery-resolution-too-small;hero-resolution-too-small;exact-duplicate,
med_6fc8b8aa4286b2181999adbc,000998-8c675ff0b133a5109192c392ea020fefe613c35d.jpeg,blin.jpg,721,721,358.21,false,false,focus-review;gallery-resolution-too-small;hero-resolution-too-small;near-duplicate;near-duplicate;near-duplicate,
med_6ffef239db1fcdd13d130b15,001298-5deda3f97bf14bb1c1fb566c33921bcbf4a71300.jpeg,IMG_1883 copy.JPG,1350,900,630.36,false,true,hero-resolution-too-small,
med_700fd4084856111b1af8a79a,001375-3f899442ee6bf03fd7790a1a3b9c25f3fc2ae119.jpeg,Sella.jpeg,960,720,748.98,false,false,gallery-resolution-too-small;hero-resolution-too-small;exact-duplicate,
med_70214a8c26e9ad6b66b0b940,000421-b98327c99dcebe1e484ab93fe394d0c44097b7ef.jpeg,Mallorca Camp.JPG,4000,2248,1313.77,true,true,,
med_7038c1cd6c76df754f7178f4,000531-a8180f2405099138423a1095079e7e789718d344.jpeg,vilanova de meia4.JPG,4000,3000,802.43,true,true,,
med_704cd3d643b8e701feb57873,000269-fad89291c6f84c2901230261c7d00347005ed692.jpeg,jany_Rockbusters_Sella.jpg,206,309,866.82,false,false,gallery-resolution-too-small;hero-resolution-too-small,
med_7063ec0ad9bd99d3d49f87b3,000471-9e24d1ac76ef6a9649c54661331c0af9aa2fbe0c.jpeg,collegats Fins al moll de l´os (7b) Pared de la Geganta.JPG,1920,2560,1805.43,true,true,,
med_708071e08ad3d48972a4eed0,000516-1c9a6163181d4ca21d68dca3b4dac3a7f71e34f3.jpeg,roca regina croquis.jpg,2160,1620,2921.41,false,true,hero-resolution-too-small,
med_710c41fe1a13a680a47b416b,000618-5a4cc24795146b6000240fa271a738aea61e937d.jpeg,DailaOjeda1.JPG,800,800,976.48,false,false,gallery-resolution-too-small;hero-resolution-too-small,
med_711c1d2bc22d04d5cca59b63,000727-a70b0577452907ee3105226235add94c52890c56.jpeg,Klemen Bečan 1.jpg,1600,546,1209.34,false,false,gallery-resolution-too-small;hero-resolution-too-small,
med_7162c089c584f32e2f2a4e7e,000180-1659c31164ee7b1fd1aa1f139c391850cbc85507.jpeg,Holly Margalef 8.jpg,3076,1712,609.56,true,true,near-duplicate,
med_7170d24cebf181918ea59592,000854-77948de079a205c45560ad8407d65ef7757c7ba4.png,Screen Shot 2018-02-28 at 13.57.15.png,1027,623,2336.38,false,false,gallery-resolution-too-small;hero-resolution-too-small;near-duplicate,
med_71ca4bcfddbf426ba2e78f42,001360-fcb904005b1246e5f5a58bbfd21fb7ba0e62bb2c.jpeg,20240309_180138.jpg,4000,2252,731.46,true,true,,
med_7294642308ebcdc344233bc4,001283-53b76f06902b6a9a6c70882befa4426c79dade8e.jpeg,balkan-trip-cievna-canyon.jpg,1200,680,1747.64,false,false,gallery-resolution-too-small;hero-resolution-too-small,
med_72d6d2170da9bc61d3cba54d,001303-8aa409701a0a9481118662d6134fe3c243185ac1.png,evolv.png,2255,587,15.06,false,false,focus-review;gallery-resolution-too-small;hero-resolution-too-small,
med_730488271a00e3243c070263,000081-99580d21b9706f0f3f188e6bc31301fbbd379dd2.jpeg,pravcicka.jpg,400,278,9214.27,false,false,gallery-resolution-too-small;hero-resolution-too-small,
med_731e9dbb8872a9308261b66e,000919-fb8ed614127490ff8a65b2f18c3a5f928f20c18b.jpeg,"Klemen Becan, Camino, 7a, Rodellar, rockbusters.net Europe Trip Promo.jpg",2048,1509,4530.9,false,true,hero-resolution-too-small,
med_733c0810c45fd4a642a2a3e4,000172-8b98913488d120a17caead3031244620da761bd6.jpeg,tarn1.jpg,275,367,1069.08,false,false,gallery-resolution-too-small;hero-resolution-too-small,
med_739b34226241c0091352b595,000115-9c2b809f508e9443d28b09fa70c58448827e0ddc.jpeg,Zillertal8.JPG,3000,4000,1442.02,true,true,,
med_73cc866e459e9f0d04a69cbb,001278-aaa5dba4c82b563a1f70317adae5d315076550d3.jpeg,"Rafa, 7b+, somewhere in Catalunya, Patxi Usobiaga Advance Sport Climbing Course rockbusters.net 9.jpg",2947,1964,2425.8,true,true,,
med_73fcead7f765723a0b23388a,001416-de3db1d122a6ce095c321ef913781f7cf7292bbc.jpeg,Kostas Grafanaki.jpg,733,721,619.12,false,false,gallery-resolution-too-small;hero-resolution-too-small;exact-duplicate,
med_74121d907e116f1fca6f3a59,000371-0447c52bb7fdf939700887c48031519a8520cc39.jpeg,ceuse.jpg,800,586,1271.77,false,false,gallery-resolution-too-small;hero-resolution-too-small;near-duplicate,
med_74193976a43b07186d8ec7a0,001294-2bbd7cd61f9333bcf171fdf891c1b891e4a87065.jpeg,WhatsApp Image 2021-11-06 at 4.36.57 PM.jpeg,1600,1200,1512.59,false,true,hero-resolution-too-small;exact-duplicate,
med_74198afc5a73637cf48d48f8,000264-05dfa614ea41a628a3d6c5cdc249f436d485cfeb.jpeg,Ernesto_Rockbusters_Rodellar.jpg,304,206,1910.5,false,false,gallery-resolution-too-small;hero-resolution-too-small;exact-duplicate,
med_743000e26796314f0972468d,000117-decb74952371ad21e83bf1adcebfb2c705c28569.jpeg,Doug Finale Ligure 2.jpg,2048,1152,780.06,false,true,hero-resolution-too-small,
med_744e97be03f400b1a8e13ed0,000368-5d9c563c1911c40a5475339aaebf3f6198093c8c.jpeg,pamplona san fermins1.jpg,800,470,2672.64,false,false,gallery-resolution-too-small;hero-resolution-too-small,
med_74c6cd2d83fcd8d0f05c9da2,001460-b44160a8bd5ae2d7d1c903569223199adf865c64.jpeg,DSC02558.JPG,1397,931,1144.89,false,true,hero-resolution-too-small,
med_75a468b718b08a2ed322edad,000372-f7613acc25c241b324e965b9479d769b005fb9cf.jpeg,ceuse3.jpg,800,600,1482.72,false,false,gallery-resolution-too-small;hero-resolution-too-small,
med_76004794481ad2cc0b2aa95e,001050-1b22a160e981b17ccbf83c7b068ff4443e66fc22.jpeg,IMG_20190915_153022.jpg,4000,3000,1929.19,true,true,,
med_760c57c069ae2270e447e704,000191-7cbbec7cf9f7c13414cc0341d97be4b7ce2e7a97.jpeg,Kerstin Margalef 7.jpg,1412,1985,851.71,false,true,hero-resolution-too-small,
med_7615c260b756b35ceb338757,000612-91ba0187090068f31dfffca185889101d25e034e.jpeg,Doug Finale Ligure 2.jpg,3370,1990,1346.94,true,true,,
med_7668e877f404e94d2c753df6,000175-cc3d2cf33bd540f413b6d638045b52be06c9fbc4.jpeg,Holly Margalef 3.jpg,1647,1701,937.4,false,true,hero-resolution-too-small,
med_767a1d4ad85b3ffe4087ab3b,000942-051338512a0ec0af081781add38f6e6fc4f15c9c.png,iGET_new logo_white_small_3_0.png,250,63,133.96,false,false,focus-review;gallery-resolution-too-small;hero-resolution-too-small;near-duplicate,
med_76e927340f1c360e7471f3a6,001324-ac55be9c1c907cd331a6a4a63c82a0c0c0fcbb53.jpeg,Matej.JPG,500,500,295,false,false,focus-review;gallery-resolution-too-small;hero-resolution-too-small;near-duplicate;near-duplicate,
med_77030cece0e5706d904caefe,000315-c8226daa8fe49660e8bee28b0e53717579d9d6b3.jpeg,albarracin4.JPG,4000,2672,1168.32,true,true,,
med_7752a9838a4623e2e88469d3,000483-94516231cf06e6cc5cc129ea04b6c5c0c8135228.jpeg,Mont-rebei Mont-rebei Diedro Gris o gritos y susurros.jpg,1106,1600,2071.21,false,true,hero-resolution-too-small,
med_775ff273f5ab22171ffb42a0,001061-55b1866b0bd65176fc5768399434738d6fc42a06.jpeg,P1110451.jpg,3072,2304,329.29,false,false,focus-review,
med_779beaa321119dcd786e2f9a,000832-7df34526053da99704bdda95c133b111476ccfc9.jpeg,Sue Frankenjura.jpg,1200,358,2538.65,false,false,gallery-resolution-too-small;hero-resolution-too-small,
med_77c5d10c3af0a820e6c0a251,000586-e5e82e1ea163697ca96850c885a0de437781a3d1.jpeg,Ed-Sella-ClimbingSpain2016-Rockbusters.net.jpg,2511,1500,1588.51,true,true,,
med_77ce3ce645432c3a1e376549,000329-192fa72f931ec265ca1e0c083a7ab0d5f725a382.jpeg,Petra Montserat 1.jpg,3786,4912,2393.7,true,true,,
med_77e6917a9370887d5f10a2c5,000151-adccfcf0b8e47f828dd6a19d4f0ecc088cd09724.jpeg,Hege Gorges du Tarn 7.jpg,908,1499,1497.87,false,true,hero-resolution-too-small,
med_78462e9c4f71e724a9bce2dd,000287-ea061c81d7fce02575b21bce3ebc10fb86890340.jpeg,DSC_0282_edited-1.jpg,1769,2537,2197.32,true,true,near-duplicate,
med_784a626a3a44f5701432fdb4,000917-a94b11ab597edeeddc3f7608d54556c82bcc5cd5.jpeg,"Linda, Chamonix, Aiguille du Midi, Contamine 7a+, rockbusters.net.jpg",816,612,896.44,false,false,gallery-resolution-too-small;hero-resolution-too-small,
med_7870ee29b3a70046104d4e8c,000733-71d313fc064f16e8e0cfae735d277c9573023434.jpeg,Klemen Bečan 7.jpg,1269,714,1365.7,false,false,gallery-resolution-too-small;hero-resolution-too-small,
med_78a75ddc58525eda52d17a67,000228-a2d5b463394401f77482bd5a919c2a13bf8f908e.jpeg,Medya Rodellar 3.jpg,3430,2131,3506.01,true,true,,
med_78ae77a56fbefaf8b3327e02,000859-69020b2325ebc3dae8c79e61d00ce34900685beb.jpeg,1329478161401-1124505360_news.jpg,3200,2367,1998.65,true,true,exact-duplicate,
med_78e92dd5103de19a876d11d4,000739-eb84783074ba520aebdefa980fbb5fd6221e046d.gif,UKC-Logo.gif,500,500,1550.76,false,false,gallery-resolution-too-small;hero-resolution-too-small,
med_78f5997d804e54790c53d1ca,000430-38828c76145980f148605087e816a015f9de30c8.jpeg,"Prachov, Český ráj, Czech Paradise.JPG",504,480,3980.06,false,false,gallery-resolution-too-small;hero-resolution-too-small,
med_7901a5834f6aa71ccc2689cd,000641-980b583e139cafd22e9c5f03fe5fa53d73f9c0ea.jpeg,Adam Ondra 1.jpg,1200,789,5297,false,false,gallery-resolution-too-small;hero-resolution-too-small,
med_7912e3a4fa0d67b251d28b36,000489-149f794b02ac1067554c4aad92e689bae10713b9.gif,Mont-rebei via delfos.gif,452,700,5320.46,false,false,gallery-resolution-too-small;hero-resolution-too-small,
med_795cbe325e52e2bcd78f9b79,001246-60adc21e8d8a0f097b1851283d532defd5ecf531.jpeg,Andrlac Fear Factory 9 Frankenjura rockbusters.net 9.jpg,4650,3100,2099.74,true,true,,
med_7989f95a9953c23fb9e5ffe2,001462-a49e4841e2b359eb4d14dc9370f050665986df79.jpeg,DSC00019.JPG,1276,850,1116.47,false,true,hero-resolution-too-small,
med_799b5268352159b42db1be9d,001218-6a42fce307f23ad7ea693897c8131f35fedcbb47.jpeg,JanClimbsTrad.jpg,1300,872,3629.93,false,true,hero-resolution-too-small;exact-duplicate,
med_79c1a6a0f35b3ad148169c59,001332-d5443bb02b2a588abb3b1333d243980ff68f9acc.jpeg,"Rado, 7b+, Tres Ponts 2, Patxi Usobiaga Advance Sport Climbing Course rockbusters.net.jpg",4433,2955,2328.43,true,true,exact-duplicate,
med_7a100e822a9304693ec40681,000398-99cbf11f40be4bed887710e174f908b788c7dc73.jpeg,kalymnos fero1.jpg,800,1202,1955.19,false,true,hero-resolution-too-small,
med_7a24d19a25d7fedc856439c6,000193-bd237d1a6ced2d5602c7c8c5d2d1950028567786.jpeg,Kerstin Margalef 9.jpg,2961,2238,428.84,true,true,,
med_7a57edc0a1ef12b488d6758a,001004-a8e964f0ab816bfcde72a5dbfbd7e586adb61e59.jpeg,thumb_741_avatar_big.jpeg,300,300,865.48,false,false,gallery-resolution-too-small;hero-resolution-too-small;near-duplicate,
med_7abae69add6a6617b781e8b4,001112-80a0be90868e9966dd88bd31acfe0571bf366af9.jpeg,Charizze Climbing Trip Europe Gorges du Tarn 2018 rockbusters.net.JPG,867,1300,767.29,false,true,hero-resolution-too-small,
med_7ac2e6d25a58726f0096a049,001459-ce7f5f5ca7f196cc795b4571ce8a7b1a2062b2ef.jpeg,DSC02558.JPG,1397,931,1144.89,false,true,hero-resolution-too-small;exact-duplicate,
med_7aceb94e5609ef66a63129e2,000316-c9d44341603750a0ab9d14f60841aa6cdce220fe.jpeg,albarracin6.JPG,2672,4000,732.45,true,true,,
med_7ad0deee28ae40ea0b92ad5f,000207-47c93b365f88b0586fe9751f48fcc99e282367ed.jpeg,Zach Margalef 6.jpg,4000,2248,482.16,true,true,,
med_7ad5e6ef8bab32f7c556ad57,000677-271808e63b7958d18197e300e61b1b9eddff69c7.jpeg,Jany Oltre Finale.JPG,1300,1950,911.63,false,true,hero-resolution-too-small,
med_7ad96dccd0f96ce8ff0d63fc,001249-efdaefb2341099f19211cbe64e544af8a00aafc0.jpeg,Matej Ejaculacion 8 Frankenjura 2021 rockbusters.net.jpg,5384,3589,1596.02,true,true,exact-duplicate,
med_7af7de3a5d69c480ac897bf5,000582-b57326536b4136f4b22682993de5cdad0f38595e.jpeg,Andrew2-Sella-ClimbingSpain2016-Rockbusters.net.jpg,1660,1724,595.41,false,true,hero-resolution-too-small,
med_7b4065225d0a830150a2fb47,001081-05dfeb587cdb68664ca42f8720c310e819023bb1.jpeg,Bouldering Albarracin,4000,2672,501.87,true,true,,
med_7b42fc981b02bf9022f7b883,001104-76355945981ab7a508524916fa1abf7d47de597b.jpeg,Marina Frankenjura.JPG,1350,900,1683.12,false,true,hero-resolution-too-small;near-duplicate;near-duplicate,
med_7b93ed9b70ce0ceda63b421d,000711-2df7d1213c131312e5de04bc1f82cff88f04e22b.jpeg,Les Calanques3.jpg,418,600,1489.81,false,false,gallery-resolution-too-small;hero-resolution-too-small,
med_7bec8832d1176de008a0fd53,000688-3add01fe958d0995786983807abff76557e16e58.jpeg,Martin Oltre Finale.JPG,1300,867,1196.52,false,true,hero-resolution-too-small,
med_7cbee550bd5355754a70eccc,001257-f525860d6ce379bc3abef1d7e8c895c36d01a4be.jpeg,"Miha, 7b+, Tres Ponts 1, Patxi Usobiaga Advance Sport Climbing Course rockbusters.net.jpg",4547,3030,2021.42,true,true,,
med_7ce40bc6c58d0d84643b3b3c,000950-5f1deb28ce360be788bfb68696e7f03d4285e33f.png,676B8C1D-ADAD-4243-ACF9-C080B10D3C4C.png,1276,1276,11960.92,false,true,hero-resolution-too-small,
med_7cef1b288a2d2f11be2c51c6,000005-c8384e98a16a06988d260543881a55eb70c74803.png,Screen shot 2014-07-08 at 3.22.28 PM.png,1210,1060,4308.43,false,true,hero-resolution-too-small,
med_7cff78444142785d5e21eec1,000755-44af820305320698912c78af85c88bc9bdc6ac06.jpeg,Adam Ondra & Patxi Usobiaga work shop Rockbusters.net.jpg,2250,1500,3183.72,false,true,hero-resolution-too-small,
med_7d516009c7c025059c6c8989,000478-165e7ca93da52111e3dc609580dd678a409b3aa5.jpeg,collegats.JPG,2304,3456,917.4,true,true,,
med_7d54ff5d8b7ed6bf93ae2141,000135-bff156bf2c93fe36d5ea6118e4167498563fa699.jpeg,Minoru Finale Ligure 5.jpg,4000,2248,1066.27,true,true,,
med_7d615f432d4070208da4f4fb,000781-2090013076808b227c9f0d7185858d4ef2281df2.jpeg,Avi DWS Margalef.jpg,1136,339,2055.93,false,false,gallery-resolution-too-small;hero-resolution-too-small,
med_7dc2c7872b2184aca9126297,001272-1c79347320090c9c9383bf70b56fefb501dbd09b.jpeg,"Rado, 7b+, Tres Ponts 4, Patxi Usobiaga Advance Sport Climbing Course rockbusters.net.jpg",5460,3640,3252.7,true,true,,
med_7dcb451cda507f046a5e65f2,000881-fecf8b3c692a62f19bff21be5c44abe3cf554856.png,Screen Shot 2018-04-11 at 10.24.56.png,1226,780,1592.73,false,false,gallery-resolution-too-small;hero-resolution-too-small,
med_7e074835702e1156d44fef20,000303-12648cb02d6d38a999877e34dc8b190de02e1915.jpeg,Rockbusters_Sella1.jpg,960,720,1273.48,false,false,gallery-resolution-too-small;hero-resolution-too-small,
med_7e0e97743ee4aff656664af6,000403-111821efad7b6dcfb843682af32365c88ad1fca2.jpeg,kalymnos3.jpg,800,1067,978.99,false,false,gallery-resolution-too-small;hero-resolution-too-small,
med_7e7354e91b67875cfd55ce1f,000170-05f65649042a22edc82afc8acfb925dda8f407b4.jpeg,Kanufahren-Tarnschlucht.jpg,100,75,1746.62,false,false,gallery-resolution-too-small;hero-resolution-too-small,
med_7ea8e541b4c4f255130fd86a,001006-f11d635586f01af2248b71ade3f0ea6b3b77159e.jpeg,Marina Frankenjura.JPG,1350,900,1683.12,false,true,hero-resolution-too-small;exact-duplicate;near-duplicate;near-duplicate,
med_7ec968f761faea6d6f5019d9,000997-9e378ee8a51c8098c300b99943110121b8b394d7.jpeg,Petra.jpg,323,323,3352.62,false,false,gallery-resolution-too-small;hero-resolution-too-small;near-duplicate;near-duplicate;near-duplicate;near-duplicate,
med_7edab3d324d81fd722c7e03f,001252-eb95eb418ad9bd069c352ae282840ccaf1e3fc31.jpeg,"Patxi, 8b+, somewhere in Catalunya 1 Advance Sport Climbing Course rockbusters.net 1.jpg",1837,1225,2716.35,false,true,hero-resolution-too-small;exact-duplicate,
med_7eee0871846abd61f9a1a8b9,001049-25382d1b260ed33548a9ffc13a8e47835b76f2bf.jpeg,IMG_4916.jpg,3264,2448,806.86,true,true,,
med_7f760ff24fb1e27dd4424be1,000825-484f37521ee26c06bd1869ba1420fb46e45c2544.jpeg,Patxi.jpg,1199,358,3875.97,false,false,gallery-resolution-too-small;hero-resolution-too-small,
med_7fd890493929aa2737e7abce,000181-fcb6ef61043da9588a506599ca0681867db2d796.jpeg,Holly Margalef 9.jpg,3284,2111,704.72,true,true,,
med_7fd931c69b97f3b369af8bb2,001411-24eda5ea3cb31832637284361129841c8c61f2a4.jpeg,Medveja_climbing_Istria_1_resize-1024x683.jpg,1024,683,698.79,false,false,gallery-resolution-too-small;hero-resolution-too-small;exact-duplicate,
med_802e7a5b4c0ef4804b84deed,001349-b13e671fe1b44d3f5c2524550a6636270cc34f75.jpeg,Training 2.JPG,623,795,5462.14,false,false,gallery-resolution-too-small;hero-resolution-too-small,
med_804ba5e573b9d522044ff241,000598-38fd1997514b0d6b70edc9624d2fa1e26d57ff8b.jpeg,Brandon3 Siurana_ Spanish Climbing Trip 2016.jpg,1350,2086,1850.53,false,true,hero-resolution-too-small,
med_805e0480594d254c5a3760fb,000912-2c432250098d821efe98b2f1e53b0a4f5f793795.jpeg,Chris Siurana Papagora 7b+ 5.jpg,1501,1003,842,false,true,hero-resolution-too-small,
med_809a16622006aae3274be36e,001132-a7f6a9e50ae3e2856c32f0564c51845f4fe8822c.jpeg,2018-11-05 (2).jpg,512,341,820.86,false,false,gallery-resolution-too-small;hero-resolution-too-small,
med_80ad6f7e58928e29fe79ad93,001419-68a9b357b03eac21bdd35debfc9db6b010719521.jpeg,flying in Ceuse.jpg,720,711,1059.9,false,false,gallery-resolution-too-small;hero-resolution-too-small,
med_80b0f0dea96e8691f3275b38,000435-a3bcce08644348b4fd6bb9255b5294eccadc59e3.jpeg,BlinII.jpg,133,141,956.65,false,false,gallery-resolution-too-small;hero-resolution-too-small,
med_80d27b4dd791c8280870c603,000644-13fdd4415a0d357d412ed4a7a8e78ae06895d19a.jpeg,Adam Ondra 4.jpg,1000,1500,1225.01,false,true,hero-resolution-too-small,
med_80d7e8a73beb1ed9582ee758,000790-9d22e7dab6d12581b14aadd4482e35c2940bf73f.jpeg,alex margalef 4.jpg,959,286,2738.5,false,false,gallery-resolution-too-small;hero-resolution-too-small,
med_80e4f5c45a4da3e4428f13af,000323-5f061cab1e18bbede24968bf4744cc4d7a808155.jpeg,albarracin13.JPG,4000,2672,354.02,false,false,focus-review;near-duplicate,
med_80efbffeb3b1c515dc1d9a26,000669-f3855d3792ec074e2d22b1bacc940e72bab16666.jpeg,Jany1 Ceuse.jpg,1300,1950,1755.16,false,true,hero-resolution-too-small;near-duplicate,
med_8133c97e32c63bd037ab02e1,001334-54e1a4b5c9923ad74aa5c3e08e6d3cd1c5bf841c.jpeg,daniela climb4life 1.jpg,1066,1600,2687.41,false,true,hero-resolution-too-small,
med_82068bf828c10e41c9074986,001180-94a02fdfa7a3af7acd3b3d5c6b77f77204ff52e9.jpeg,Silvia Toma Castanaso 7a Rodellar rockbusters.net 1.jpg,2679,1786,1213.61,true,true,,
med_83047be6b4901fdfaa8a4eda,000995-c5c2953486306880f57b6eca583d1c1f02dbd3fa.jpeg,Maja Jonjic.jpg,282,282,587.52,false,false,gallery-resolution-too-small;hero-resolution-too-small;near-duplicate;near-duplicate;near-duplicate,
med_834ceb8c6dc526142a48364e,000845-f82c1bf2d6b4809fcbb6c3878a8297d12426906d.jpeg,unnamed.jpg,403,143,2954.08,false,false,gallery-resolution-too-small;hero-resolution-too-small,
med_83a25aabe93877c83e2f5242,001025-a96566de1be88a36f68163e2f09353813cc48fdd.jpeg,Mija.jpeg,300,300,530.75,false,false,gallery-resolution-too-small;hero-resolution-too-small;near-duplicate;near-duplicate;near-duplicate,
med_83db643e873cbc56529efa42,000133-f2017f342de2755df1a7835463b5c43df4292c9d.jpeg,Minoru Finale Ligure 3.jpg,1537,3124,1195.97,true,true,near-duplicate,
med_83f73ffd2825deea0a5d97a6,000127-5b10ff69ff7994a3c5a4a7ffdfeeaa15874c7a51.jpeg,Kim Finale Ligure 7.jpg,1762,2243,759.14,false,true,hero-resolution-too-small,
med_843aad2d381e01052040df83,000433-722e95f3e5277fe13d582154bb124f8fcafd576f.png,ritch.jpg,100,100,689.72,false,false,gallery-resolution-too-small;hero-resolution-too-small,
med_844124c25559010cbfc88e0e,000379-644060edbc0b0a00393277369c4bd67db343ddd7.jpeg,cuenca janek.jpg,800,1067,5095.92,false,false,gallery-resolution-too-small;hero-resolution-too-small,
med_8447fa8a1e29ead13ac6f76e,000245-21f571e374c62f3f6f661784ca088cf8bb635539.jpeg,Shelly Rodellar 1.jpg,2955,2090,1682.48,true,true,,
med_8458c74ec1bca555ae688e5d,000871-7ce2e90506eedd50d2ac1215d16870ee9ab1456b.jpeg,patxi.jpg,1410,783,2264.66,false,false,gallery-resolution-too-small;hero-resolution-too-small;exact-duplicate,
med_846b4fadfa2d180bc2c74257,000072-dd7a346743917a4ecfb39ff9545f2e843fcd942c.jpeg,Zach Labske Udoli.jpg,1194,2116,1178.76,false,true,hero-resolution-too-small,
med_84847692756b55301a53fa7d,000567-31af0de325fc439339b11aab6e66299455350dc9.jpeg,jany_Rockbusters_Rodellar2.jpg,960,720,1278.26,false,false,gallery-resolution-too-small;hero-resolution-too-small,
med_84a9445a0904bcb90728c22b,000141-291d40257deae5e5449ba2bd0314aa26905e0733.jpeg,climbing_finale_ligure.jpg,637,461,1435.13,false,false,gallery-resolution-too-small;hero-resolution-too-small;near-duplicate,
med_84e3f433f1c9b7385adb052e,001244-a8531d8f7d654d3e6a640b9f9f9137a2d23c95af.jpeg,Andrlac Fear Factory 9 Frankenjura rockbusters.net 1.jpg,4639,3092,1974.8,true,true,exact-duplicate,
med_84fe6bbbafa8105762491956,000196-213fb16fbf532c5819e4f165fa1d0a057378e1c7.jpeg,Kerstin Margalef 12.jpg,2248,4000,403.92,true,true,,
med_8521b4aafd4327789a5c8b6b,001174-f1824206c1ddc00dfe962108c3ae31cc18ac3187.jpeg,competition.jpg,3034,1534,1138.91,true,true,exact-duplicate,
med_857e191ca47a90144cdfec22,001204-d344445185915067eb6438b9982835a573be4a36.png,SNOWBUSTER_LOGO-01.png,3587,737,1983.06,false,false,gallery-resolution-too-small;hero-resolution-too-small;near-duplicate;near-duplicate,
med_85e122d0c748b54b630c65d4,000794-52b258d5abc41c762c6151a91b0f867a0101d0fc.jpeg,bouldering Albarracin 2.jpg,3988,1190,932.24,false,true,hero-resolution-too-small;exact-duplicate,
med_85f1a314e72a6336c1353dd9,000432-c6ae448f1e297b73d9bf0d2e48a311c6aba442ab.jpeg,Terradets 2011 (1 of 1).jpg,3888,2592,1901.15,true,true,,
med_85f64e0406e83473bcd13e7c,000758-11dac5afe48910041c68927548cddf816d33f0bb.jpeg,Audrey Adam Ondra & Patxi Usobiaga work shop Rockbusters.net (2).jpg,2250,1500,1621.17,false,true,hero-resolution-too-small,
med_86391828448e3eeedaed609f,000872-40ac71983677c81129c43bc3c2a541e08ca3f791.jpeg,patxi.jpg,1410,783,2264.66,false,false,gallery-resolution-too-small;hero-resolution-too-small;exact-duplicate,
med_8660e5c2afd91222290584c0,000410-f11b025e557601874f9d184e429bae8490e9c4da.jpeg,E2B8192.jpg,1000,1500,2762.22,false,true,hero-resolution-too-small,
med_866d14b74da6dde241d52183,000281-f25aa2d777014f861c96d2c935e43932776a6c0f.jpeg,Zbyna_Rockbusters_Terradets1.jpg,960,953,3230.62,false,false,gallery-resolution-too-small;hero-resolution-too-small,
med_86726925b32f06206c527daf,001068-fd1aeef79fcd42dc6f343e51c6093c8fba28b83c.jpeg,Christoph Margalef rockbusters.net.jpg,1234,823,2715.64,false,true,hero-resolution-too-small,
med_86a5abb6c617eb40411c7e9d,000356-45c443e6980bae796b6f82a502349d1020f6fad0.jpeg,Apellaniz.jpg,800,600,3708.66,false,false,gallery-resolution-too-small;hero-resolution-too-small,
med_8708825f8ceb7742fcbd403a,001039-19161702558d9da37acfb52c021378351fb69809.jpeg,Hazel.jpeg,500,500,636.02,false,false,gallery-resolution-too-small;hero-resolution-too-small;near-duplicate;near-duplicate,
med_87712a0d915bf7723d37aa2a,000266-3dd9b170b35eed1a8f382f4d5f361776f72dee40.jpeg,jany_Rockbusters_Rodellar.jpg,720,960,1567.22,false,false,gallery-resolution-too-small;hero-resolution-too-small,
med_87efb1c06dbc9c708ebbb6a6,000747-ed4c3b3856334c1137fdfee179a2513690bb4e60.jpeg,Patxi Usobiaga training work shop  Rockbusters.net.jpg,2250,1500,2122.24,false,true,hero-resolution-too-small,
med_8853fbd021766f2f5a0cdf01,001073-38f0f14d397d0992836e1931c3957a0fdfa7f393.jpeg,competition.jpg,3034,1534,1138.91,true,true,exact-duplicate,
med_88a93de1bf52584e2f39a26e,000849-0536e379c36568dd8d36362eb754a1d140e05fd4.jpeg,silence facebook cover.jpg,1355,776,959.96,false,false,gallery-resolution-too-small;hero-resolution-too-small,
med_88ebd965dbece24f26361be4,000113-1e05299e2c83565eb38012979b8f57c18035d8db.jpeg,Zillertal6.jpg,100,66,5426.7,false,false,gallery-resolution-too-small;hero-resolution-too-small,
med_8944332c1718f03444fd6af3,000271-a8a5697801cc7445a6707288838b8b79f18afcbb.jpeg,Petra en Nobouchonspirit 02.jpg,945,1397,1717.19,false,true,hero-resolution-too-small,
med_894473adffdca533c93c8644,001402-2a44cb42188f89a8a7c5c3ec60bc8ceebc7010d8.jpeg,El-Chorro-Rockfax-Sport-Climbing-Guidebook.jpg,988,1358,1558.21,false,true,hero-resolution-too-small,
med_897cd4059c7607e6ba8ab7cb,001270-7f2cc506a42e460b013b1d209fe18a7b49bff9b2.jpeg,"Rado, 7b+, Tres Ponts 1, Patxi Usobiaga Advance Sport Climbing Course rockbusters.net.jpg",5015,3344,2424.93,true,true,,
med_89ac29e26588d65121de924c,001014-46061f6c551812d6ae25e2af9fa50a0660e8504b.jpeg,Patxi.jpeg,300,300,307.75,false,false,focus-review;gallery-resolution-too-small;hero-resolution-too-small;near-duplicate;near-duplicate;near-duplicate,
med_89c15654036decf65a446b39,001260-23324d23615c86478a2e1756e52621d3676a5b0f.jpeg,"Miha, 7b+, Tres Ponts, Patxi Usobiaga Advance Sport Climbing Course rockbusters.net.jpg",2019,3029,2924.32,true,true,,
med_89d44e3c227d48eaff3b8282,000140-c7bf9041278d942ddfd932d711a346f3846dc32c.jpeg,Stacy Finale Ligure.jpg,1253,1898,824.03,false,true,hero-resolution-too-small,
med_8a41e7dcba62e69cffd9388e,001065-c964bb88a7b6f89ce387719c4a494671778bed6d.jpeg,Marina Frankenjura.JPG,1350,900,1683.12,false,true,hero-resolution-too-small;exact-duplicate;near-duplicate;near-duplicate,
med_8a46c0a230b9527112793109,000724-1328ecffc7514e9a2d2af3ba75d4ebd578da6033.jpeg,logo_jpg.jpeg,1280,752,1005.11,false,false,gallery-resolution-too-small;hero-resolution-too-small,
med_8a922490a98d6bba31056a43,001082-ca7a123617650ce857b3013acf54573ed541fef9.jpeg,Bouldering Albarracin,4000,2672,929.89,true,true,exact-duplicate,
med_8b0783500f5f48900457adb0,000325-77d6eca8e6d8a736f4cf63ca7889129c1ac688bc.png,novak_palice.jpg,100,100,530.5,false,false,gallery-resolution-too-small;hero-resolution-too-small,
med_8b1e72f243a1a69bda714946,000560-4921f3f7e5af747b71c0ed2189168f01e88f5ee1.jpeg,Rodellar 1.JPG,2248,4000,1174.88,true,true,exact-duplicate,
med_8b332b4984c4f1c545eb7777,000508-fcadb9918020d7b0c56e28b2782dc10f73457f43.jpeg,Monserat Punsola reniu (1).jpg,885,1076,3024.11,false,false,gallery-resolution-too-small;hero-resolution-too-small,
med_8b96c3e702300cfea55afeda,001116-45db08b06b317362e077b9baaffaf2b48345f99c.jpeg,Gorges du Tarn www.rockbusters.net (11).jpg,1300,867,732.88,false,true,hero-resolution-too-small,
med_8bab7abf7e1a0020adca4994,001008-4aed5ba505d466db48a5d9797c0e2f2f9b33fc32.jpeg,Jany.jpeg,300,300,1265.77,false,false,gallery-resolution-too-small;hero-resolution-too-small;near-duplicate;near-duplicate,
med_8bac6457eea61ddb71454b89,000383-01b9e03039ecdb1e5e8543532c1ae3722672088c.jpeg,valeria janek.jpg,800,1067,510.24,false,false,gallery-resolution-too-small;hero-resolution-too-small,
med_8c16806b843ffbc6bc6fa6e8,000461-f65d2a4184aed14e196000747e2ec2e75ef54adc.jpeg,penta.jpg,304,267,421.63,false,false,gallery-resolution-too-small;hero-resolution-too-small,
med_8c2628648602084f82555f44,001448-90b4d74b6a8a98240720ea28e8bb8c1a2dd66f5e.jpeg,DSC08772.JPG,1488,992,1566.97,false,true,hero-resolution-too-small;near-duplicate;near-duplicate,
med_8c3f70af5817be6769823abe,001170-2d3de6e5275a06eb6aa6fbf37e1675e3e80f2663.jpeg,"Jany, Botanic 8b+, Rodellar, rockbusters.net 3.jpg",5317,3544,2749.46,true,true,,
med_8ca09418434ace9baa761e4f,001029-4c3844ac46147d0717a0b35973451ff0bcaa74f4.jpeg,Blin.jpeg,500,500,203.56,false,false,focus-review;gallery-resolution-too-small;hero-resolution-too-small;near-duplicate;near-duplicate,
med_8cd1ff59b75ff237683f7c32,001403-feaa6d006ef4cc54f2cdbc4ec3988d7f1503ead7.jpeg,Granada Sport Climbing Guidebook - Granada Guia De Escalada Deportiva.jpg,400,574,5072.19,false,false,gallery-resolution-too-small;hero-resolution-too-small,
med_8cdcadf9d4d3eb31bf9b4779,000898-4a0c3b9bf89ea1521b29bc9b4fe6c6c00baf84b6.jpeg,remenievemayo2 (1).jpg,1024,653,2662.13,false,false,gallery-resolution-too-small;hero-resolution-too-small;exact-duplicate,
med_8ced9460158e381f69247da8,000084-ba3d2e4074f4aeddae1901a81cab350bd3bcdd4c.jpeg,Frankenjura02.jpg,612,448,4405.11,false,false,gallery-resolution-too-small;hero-resolution-too-small;near-duplicate,
med_8d227f75a17cae863ea3c563,001030-755151c2821a9f02cc4c823dd01c5c714fab012c.jpeg,Blin.jpeg,500,500,203.56,false,false,focus-review;gallery-resolution-too-small;hero-resolution-too-small;exact-duplicate;near-duplicate;near-duplicate,
med_8d5c8fe30248be3132ca78f7,001366-a7a720c0887a17e74dc5c359018faee255268a76.jpeg,Linda Nido Amoroso 7b+ Sella Wildside 2023 rockbusters.net (26).JPG,1505,847,1729.93,false,true,hero-resolution-too-small;exact-duplicate;near-duplicate,
med_8d726f228c33a345a0e72ad2,001444-5776cae153f663791a2b6c235e6159ef6c29dd0b.png,Screenshot 2026-06-09 081510.png,1865,789,9142.26,false,false,gallery-resolution-too-small;hero-resolution-too-small,
med_8d7a469d6a7b623a7f3e8d79,000875-4b9266b9f4236f3ee717fd53dfaee108d65b8e5b.jpeg,news-interview-klemen-14.jpg,1280,660,1594.68,false,false,gallery-resolution-too-small;hero-resolution-too-small,
med_8d8ea483dd250bcbd8e3aeb7,000752-7757ae089a83380bb2d0c667b380050a3414f945.jpeg,_E2B4383.jpg,2250,1500,2789.98,false,true,hero-resolution-too-small,
med_8db16a6e54b1aabdc9e6ffde,000206-60d657bdc8590d325347109beded10a091b30a93.jpeg,Zach Margalef 5.jpg,1570,2156,556.64,false,true,hero-resolution-too-small,
med_8ddab665139929de94596975,000493-6e73eb8c64cd0091b62e1f0e653035844164b07a.jpeg,Mont-rebei1.JPG,4608,3456,1637.91,true,true,,
med_8de9517a759ea6c75aa01355,001052-c8cf8d74fe8df26fa8224759648b4a82ed2d4a89.jpeg,IMG_20190929_092142.jpg,3000,4000,1036.9,true,true,,
med_8defbe6dffbf6bdba1bc9455,000799-b0fc2c8cb2a819b29f447beb9e83f2621366394e.jpeg,Daila Margalef.jpg,1300,388,4839.58,false,false,gallery-resolution-too-small;hero-resolution-too-small,
med_8e05745fcee337f65dbe847e,000501-5cee94b274b5c3327a9147b6ce6e6ccd945340fa.jpeg,Monserat Cumbre del sector Aeri de Montserrat.JPG,2560,1920,177.45,false,false,focus-review,
med_8e44a2a7dc69441e9ac8f76a,000593-ad344bbdad8afa55a7ef7e0de96db2062a04dc4f.jpeg,Church_Dam Siurana_ Spanish Climbing Trip 2016.jpg,6878,2123,2070.71,true,true,,
med_8e86b99f9f1916c72fc6d75c,000331-51b574508f5b9f3eba456641c6b10b887889c330.jpeg,SINGING_ROCK_logo_black.jpg,1369,684,2640.44,false,false,gallery-resolution-too-small;hero-resolution-too-small,
med_8e88e2e7acfeccc54eb219d5,001150-ed5cb3cab8ef2d64fef951cd4503c5122bcf58cc.png,Klattermusen_Logo_Embroidered_Ror_ej_1300x500_large.png,479,339,858.08,false,false,gallery-resolution-too-small;hero-resolution-too-small,
med_8eb54d3003968527986bf826,001447-ad0c5096233429abdea0cb6004120717e50016d3.jpeg,DSC08772.JPG,1488,992,1566.97,false,true,hero-resolution-too-small;exact-duplicate;near-duplicate;near-duplicate,
med_8ebc7021f5123ac9dc82e85d,000490-401cae05604fdff7a8daae9a704864bc32d5a5ae.gif,Mont-rebei via fuerza de los sueños.gif,691,1100,6342.41,false,false,gallery-resolution-too-small;hero-resolution-too-small,
med_8ee2f76bb153fc9b68edb3a3,001127-217f240607ef4cdd81745da6abeece34d8b0b65c.jpeg,Labske Udoli climbing,4000,2248,1173.16,true,true,,
med_8f0f59828471fee41cb8d1e8,001312-0ddf1b83abc900bada30639422d1a043fda1889b.jpeg,Miha in Otre Finale rockbusters.net 2.jpg,4364,2910,1359.32,true,true,exact-duplicate,
med_8f1865adc08333e3db42c622,000786-9d6e4e3c4129e3941a0e70eb8ddd343fedd1a25c.jpeg,bouldering Albarracin 3.jpg,3976,1186,930.85,false,true,hero-resolution-too-small;exact-duplicate,
med_8f21ce3ec0050fe38161d384,001299-da06a37a127732496ceb6a895ba8bcb3310a1114.jpeg,IMG_1883 copy.JPG,1350,900,630.36,false,true,hero-resolution-too-small;exact-duplicate,
med_8f5567fe6319ccf928954224,000349-dd8febe06e1e4b4b1ec908b4ece52e65f2f08cee.jpeg,albarracin prcek.jpg,800,1067,1378.01,false,false,gallery-resolution-too-small;hero-resolution-too-small,
med_8f78830feb458d523e71152c,000179-e6e37812725650f5d6980197746470cea2590060.jpeg,Holly Margalef 7.jpg,2927,1991,554.78,true,true,near-duplicate,
med_8f7a914fbce4f28c4f2c44d8,001016-9acf6938e13f81d89ebe56af463a38fd94185dd7.jpeg,Hazel.jpeg,300,300,801.99,false,false,gallery-resolution-too-small;hero-resolution-too-small;near-duplicate;near-duplicate,
med_8fac386aa59b04ca263487b4,001020-c15c450ecfd193f6e9d61c209868b0848acfd558.jpeg,lindule.jpeg,300,300,858.2,false,false,gallery-resolution-too-small;hero-resolution-too-small;near-duplicate;near-duplicate,
med_8fd1ae67a60067b86531c8e8,001354-0fb81a93c0619914edf9d5f99e4d08de58824524.jpeg,Training 7.JPG,957,524,2581.02,false,false,gallery-resolution-too-small;hero-resolution-too-small,
med_904ccd757ed44a09624a0781,001427-7140806023586a28ec3262543af921ff0a6f7995.jpeg,"Jany, Espolon de las Ranas, 7c+, title.jpg",853,518,2162.48,false,false,gallery-resolution-too-small;hero-resolution-too-small;exact-duplicate,
med_905bb3c74e8cb55a266a9080,000426-d03d81edd42bc1c3494fdaed56db0ea128770024.jpeg,cuenca janek2.jpg,800,600,2125.41,false,false,gallery-resolution-too-small;hero-resolution-too-small,
med_905bbac79a387ecc6b221d2b,000168-4cdc093d324cc5d9b0569ac40cbecd476395aa9a.jpeg,Solarium Gorges du Tarn.jpg,4000,2248,1196.44,true,true,,
med_90764117d2a5cbe63bb0fe03,000079-6b8e863765b83cff4861dacb63b6fda9c000c9ee.jpeg,objectivesnap_objectivesnap_58_1147597407.jpg,472,600,1909.29,false,false,gallery-resolution-too-small;hero-resolution-too-small,
med_907f20d0b03c25c7cf353d5d,000152-60dfaff1f5866d901a03ea9496d8ba4e44fe8652.jpeg,Hege Gorges du Tarn 8.jpg,1335,2243,2444.83,false,true,hero-resolution-too-small,
med_908d2196beac806f4045c8df,000205-d8a52eb99266576ac2d4f1640def397a574978b9.jpeg,Zach Margalef 4.jpg,1790,2238,470.73,false,true,hero-resolution-too-small,
med_91695c8febc7062236c01683,000173-0f2a46152d0e28eb1534ec549bd5c7a21cc71105.jpeg,tarn2.jpg,360,270,1918.08,false,false,gallery-resolution-too-small;hero-resolution-too-small,
med_9195324467629ac45cf64a3c,000416-d748221ea5199a29ec06db06ec773920204aa6c1.jpeg,P1040995.JPG,4000,2248,1699.71,true,true,,
med_91cbad34d7eb178835dbe6a6,000096-9cee07bddc51ce2a8ddc3b5a850ee3de48b02a54.jpeg,Minoru Zillertal 2.jpg,1216,2080,761.37,false,true,hero-resolution-too-small,
med_9217709fabfd5cb9bb809a82,001186-e1a69e671b0333208e1fe04f0681687e8739aed1.jpeg,prvi detjl_001.jpg,5898,3932,1731.98,true,true,,
med_9259c88c1a607c56a829b7cc,000608-c2ef33dfeba011b13e4cfd82d83ed848baa7cd2e.jpeg,Marta4 Siurana_ Spanish Climbing Trip 2016.jpg,1584,3880,864.48,true,true,,
med_92ee043505d2874a3ff40595,000424-1381b8e159cf7ea883046030f364139179147d6a.jpeg,Terry Mallorca.JPG,2736,3648,1397.02,true,true,,
med_93c9b18069605151de74792d,000900-c48d773415e1225fe0cbca9177ee682c2db92ecb.jpeg,27Crags_Albarracin_Mikael_Uponen.jpg,1400,933,2152.81,false,true,hero-resolution-too-small;exact-duplicate,
med_93d361b72c0c1838ec60e30c,000848-1b4cf84d0dee7358aa7bc23dea33eb6a38c3d411.png,Screen Shot 2018-02-24 at 15.20.47.png,1271,775,519.3,false,false,gallery-resolution-too-small;hero-resolution-too-small,
med_93ecd7af996e057925efcf02,000851-e42c0addecfc29a15746383ebc9aacb0d95dcd99.png,Screen Shot 2018-02-28 at 13.51.32.png,998,682,2619.47,false,false,gallery-resolution-too-small;hero-resolution-too-small;near-duplicate,
med_942085e36eb6476a986963be,000601-03e7f183c46fd3c50060a18a1c77420e024aaeca.jpeg,Church_Dam Siurana_ Spanish Climbing Trip 2016.jpg,6878,2123,2070.71,true,true,exact-duplicate,
med_9424693d3659249d0e444cac,000095-22c7071dae0bee63e17e824cb50fef1604906a85.jpeg,Chimney Zillertal.jpg,1993,2248,507.91,false,true,hero-resolution-too-small,
med_94353281696fc4be9cc87d35,000428-1b165b9391a2b00d32a5fa6041217e1c4927c255.jpeg,IMG_2736.JPG,3648,2048,2513.64,true,true,near-duplicate;near-duplicate;near-duplicate;near-duplicate,
med_944932d04262c481680ac84c,000089-279f3639ffb0855c724768d1318f3bdfa15d9988.jpeg,Frankenjura08.jpg,612,448,1662.77,false,false,gallery-resolution-too-small;hero-resolution-too-small;near-duplicate,
med_94496305a4e758b4ebcf5aeb,001374-38e5fb47a1bd5510e456a8060a0de19e6290dca0.jpeg,IMG-20231028-WA0000.jpg,1024,768,405.19,false,false,gallery-resolution-too-small;hero-resolution-too-small,
med_945994d6e86360e8224f2b25,001157-22a8abb55230efc3a80d92fa5f680e76d0824a22.jpeg,pablo la sportiva demo.jpeg,1600,1030,2377.89,false,true,hero-resolution-too-small,
med_94837995fb0f09acaf8e8372,000312-ac53dd4f6110ac6e75e2ccf4cc0eb960deb7568f.jpeg,albarracin2.JPG,2816,2112,1845.63,true,true,,
med_94a5d8d8e81c4d5696392715,000729-ef808484e085ee3b279e6573111eb3e5d26f0492.jpeg,Klemen Bečan 3.jpg,1355,900,1058.61,false,true,hero-resolution-too-small,
med_94ca6b671ac3eef10107aff8,000204-db5e519487a90262820c3597f14dcc67f545f625.jpeg,Zach Margalef 3.jpg,2299,1985,794.89,false,true,hero-resolution-too-small,
med_95173cf9922e5d90b8a8a88c,000838-abaa8fe3bb4b673d778a01e0708e33329727e210.jpeg,Patxi.jpg,2248,671,3351.9,false,false,gallery-resolution-too-small;hero-resolution-too-small;exact-duplicate,
med_954da4ce1a3a0dd88f1174e3,000219-79282eb8fe8127808d4d0928a0ada489f26c336d.jpeg,ed margalef.jpg,960,640,1880.94,false,false,gallery-resolution-too-small;hero-resolution-too-small,
med_9569c4c612b9485cb3cb32c5,001287-39f0b52960dc91232552e5f903049aa4dc94e82d.jpeg,Andrlac Fear Factory 9 Frankenjura rockbusters.net 1.jpg,4639,3092,1974.8,true,true,exact-duplicate,
med_958cbaec8683cbfcca26c578,001395-72727e2d41f51c7c6f4314be83fdd3e5eeab06f5.jpeg,WhatsApp Image 2025-10-23 at 12.02.01_4303c07f.jpg,1600,900,2550.75,false,true,hero-resolution-too-small,
med_95c2a6f1f586df427d814d66,001418-27f587e798708284a3e2cf23a9964824f4ce291e.jpeg,639753603_17862844854596597_7026948205856000451_n.jpg,150,150,798.49,false,false,gallery-resolution-too-small;hero-resolution-too-small,
med_95ddb9d928a0abd891e84f60,000481-24683470b15c61f19e5cb7ba1931e4c56868904e.jpeg,Mont-rebei Latin Brothers.JPG,3072,2304,2569.96,true,true,,
med_95f156baefd175b6a0cb9f27,001282-14c44ab847653e11a1a73c6d897919964842ffda.jpeg,balkan-trip-montenegro-climbing-walls.jpg,1200,680,1454.73,false,false,gallery-resolution-too-small;hero-resolution-too-small,
med_95f7a27be579a1900d3bea79,000930-778b34c77e69838a934bb1b54a9d68b40a5002c2.jpeg,Isa Rodellar rockbusters.net Europe Trip 2018 offer.jpg,2100,1400,3958.3,false,true,hero-resolution-too-small,
med_9646318f8520e611483c87d2,001117-a7651cce0adc41adc4929efcf46e85fde636277f.jpeg,Quim Climbing Trip Europe Gorges du Tarn 2018 rockbusters.net (3).JPG,867,1300,482.97,false,true,hero-resolution-too-small,
med_9647debe36d4916ff7454195,000865-62c0a665a012ebbe91df282a68957aec11a9c311.jpeg,20171103_Tijuana_021_1920px.jpg,1920,1280,2680.37,false,true,hero-resolution-too-small,
med_96524eb6a40e6fa954f63cc0,001433-3692b0e0908471c5b4e05adc984e0cc8bcd5f531.jpeg,Marina Frankenjura.JPG,1350,900,1693.16,false,true,hero-resolution-too-small;exact-duplicate;near-duplicate;near-duplicate;near-duplicate,
med_9661def05331f02034badda4,000885-6bcb3e040abf3548a2137d6521325de6e01d86dc.png,Screen Shot 2018-04-14 at 00.21.45.png,1394,766,896.33,false,false,gallery-resolution-too-small;hero-resolution-too-small;exact-duplicate,
med_96ba57bcbaff70ff9d60658b,000162-59d83d9ad103cc6083b7a260219c3a2b679f461e.jpeg,Jenda Gorges du Tarn 3.jpg,1596,2254,1573.57,false,true,hero-resolution-too-small,
med_970d1b83ac2196c002e01688,001090-591f124db06dc397136474ffbd219e3c948ae8e5.jpeg,Céüse climbing,1300,1950,1761.46,false,true,hero-resolution-too-small;near-duplicate,
med_9742d1270d939e5c26b504e7,000734-d236e143464c7e7f814b70399c83e7af6859ef41.jpeg,Klemen Bečan 8.jpg,1350,900,1994.92,false,true,hero-resolution-too-small,
med_974ac1de23849929ba895a2c,000731-9cdfe063e3355d644670efacc647f6c220a49812.jpeg,Klemen Bečan 5.jpg,1350,900,1798.03,false,true,hero-resolution-too-small,
med_9761d4cf42e52f72ce446a27,001162-6399db9b7d493fe22dd3081bdecb093bf94bd1f2.jpeg,pablo la sportiva demo.jpeg,1600,1030,2377.89,false,true,hero-resolution-too-small;exact-duplicate,
med_977460a9f4f1274aaad4911d,000695-a3331cc72bdec1b844d9a5f6b7ad84d52d3157c5.jpeg,Quim Oltre Finale (2).jpg,1300,867,405.08,false,true,hero-resolution-too-small,
med_977bc79896eae61e1d241756,001182-02cc59f5562541eaa0c2be9ec7376fd3957a375b.jpeg,Peava.jpg,1905,1905,1025.34,false,true,hero-resolution-too-small;exact-duplicate;near-duplicate,
med_978550f7db0e09b2c63e043c,001071-9b3a1d9919715ae84643842c47af9d1f71980c09.jpeg,Daniel Rodellar rockbusters.net 2.jpg,4588,3059,2491.12,true,true,exact-duplicate,
med_97daa97cb1eaa7f312e1d2da,000492-dac9565874b5187e6fd8522b96628a6e7208a5c7.jpeg,Mont-rebei.JPG,4608,3456,960.1,true,true,,
med_97e2c089175c8574965ba513,000004-573739acd8875f50672d6158d191a1c02540bdca.jpeg,DSC04822.JPG,2048,1536,1944.52,false,true,hero-resolution-too-small,
med_985050b20fb40adb0ea41fc3,000547-fcc6794fa0908c3c916a05d669cfcf525c28f34c.jpeg,Rodellar Ventanas.JPG,3648,2048,2513.64,true,true,exact-duplicate;near-duplicate,
med_9855731ad3cf877256487eab,000840-61419d2d777a2e78aa9ea4749e0356c27d20643b.jpeg,Patxi.jpg,2248,671,3351.9,false,false,gallery-resolution-too-small;hero-resolution-too-small;exact-duplicate,
med_98a99f4952fe1954b60ee2c9,001348-cb871ada22f841b0f47d91d952366edf73f1c2d7.jpeg,Training 1.JPG,822,607,5297.52,false,false,gallery-resolution-too-small;hero-resolution-too-small,
med_98abe0b084cdc555cb394180,000962-fcf8cee09208e16b9d3bb7ced56a2879a0a8278e.jpeg,IMG_1546 copy.JPG,1350,2025,1891.03,false,true,hero-resolution-too-small,
med_98ca77eefd85f66a90ca6ec3,000122-4fbe3555ff25f5dffc7cad452e565e5c15eea8fb.jpeg,Kim Finale Ligure 3.jpg,1956,2949,1166.51,true,true,,
med_98ddb8fceac8d0af1e00cea2,000248-51ba05b93395b5e6c7e0482635324253d17c5f71.jpeg,Shelly Rodellar 4.jpg,1868,3991,2069.92,true,true,,
med_98de0b315faf668520f1b81a,000123-2b46af172727632ecf0b9b1d6c402a9ce389013f.jpeg,Kim Finale Ligure 4.jpg,3442,1597,802.45,true,true,,
med_9917711d8b764569d005ceea,000585-327683febf7855a6b7062fb000cb58c93c916bc3.jpeg,Anne-Sella-ClimbingSpain2016-Rockbusters.net.jpg,3279,1790,1054.8,true,true,,
med_993fd048de131a422752d359,000001-01cadf08ff243a408686ff723d8e117d3626d63b.jpeg,DSC04813.JPG,1536,2048,3458,false,true,hero-resolution-too-small,
med_996411127c8c2001a9b9323c,000686-f78dd8c897cc1c110b12f9eb079931bd75f0825b.jpeg,Martin Oltre Finale (2).jpg,1300,867,845.06,false,true,hero-resolution-too-small,
med_9996c410c4646d583338ebef,001179-c4d20216f1c5f944afd5339b4db9c53e804734ac.jpeg,Espadelles Margalef 2018.jpg,1362,910,1192.48,false,true,hero-resolution-too-small;near-duplicate;near-duplicate;near-duplicate;near-duplicate;near-duplicate;near-duplicate;near-duplicate;near-duplicate;near-duplicate;near-duplicate;near-duplicate;near-duplicate;near-duplicate;near-duplicate;near-duplicate,
med_99b6224ab16fa31362b06d71,001011-5b032ce64a4d2a8d4d62128224f83ac4646e4add.png,Maribel.png,121,121,1128.04,false,false,gallery-resolution-too-small;hero-resolution-too-small;near-duplicate;near-duplicate;near-duplicate,
med_9a011171163831c0c50d72b0,001305-24889d34439dd9c94511db54b49f8455bfc134a4.jpeg,Marta.jpeg,504,504,535.81,false,false,gallery-resolution-too-small;hero-resolution-too-small,
med_9a01e3bb6b32429221032709,001213-ae1b769f60bcf44353ac24192b60d6f9e7a83585.jpeg,andrea cartas barrera.jpg,500,500,440.57,false,false,gallery-resolution-too-small;hero-resolution-too-small;near-duplicate,
med_9a1773df427975973e1f816c,000047-0f22e2503cf43735e7a34442cf89b95a0e366183.jpeg,Ray Ceuse 4.jpg,2976,1903,460.7,true,true,,
med_9a7added27fa927e53f66538,000831-a76ecef2074af1c0b185b7f0dff5cc1eee8a21c2.jpeg,Siurana Adam and Patxi.jpg,1200,358,4446.9,false,false,gallery-resolution-too-small;hero-resolution-too-small,
med_9a9d61ba57132585432079e0,000852-06d54923cca41308044299684f5f9abf90fcbd65.png,Screen Shot 2018-02-28 at 13.51.32.png,998,682,2619.47,false,false,gallery-resolution-too-small;hero-resolution-too-small;exact-duplicate;near-duplicate,
med_9b43cdd506f0fd5265bbf763,001058-a97a241bcdbc783d07c81abfb1209a96441b013a.jpeg,IMG_20191014_105023.jpg,1200,1600,6318.61,false,true,hero-resolution-too-small,
med_9b6cde4e9bd05cc9fe69f459,000074-ef61fe4464bf623bc0d1a0002521178e707cd7b9.jpeg,1061_30_06.jpg,271,370,1374.03,false,false,gallery-resolution-too-small;hero-resolution-too-small,
med_9b948c36e5d05aa7f7f23bb5,000907-4c961481a93afa4ff4d746a31f6e08855d3d831d.jpeg,"Jany, Rodellar, Libera tu Mente 7b 1 resized.jpg",1600,1067,3118.79,false,true,hero-resolution-too-small,
med_9bae2b35332148ce0cee5423,000454-d1b159e43d1d6fab3b5c0350d7e2c7ff229785a1.jpeg,colt mix.jpg,304,267,836.64,false,false,gallery-resolution-too-small;hero-resolution-too-small,
med_9bb6936dcaafe0f29c56be61,001293-c5e74ee3f815bf317d2e952420cc99dd50e7fb62.jpeg,Klemen Klondike Cat 11- Frankenjura rockbusters.net 9.jpg,4375,2917,1349.36,true,true,exact-duplicate,
med_9bbdd1a83c9739cb8ac572d5,001064-8a1c9af0e26389385231c9c6036943f1da326c04.jpeg,competition.jpg,3034,1534,1138.91,true,true,exact-duplicate,
med_9bc4e9f2d6834bda0c27bb37,001333-608a1ec6a802ef746f1fe8ca31518542792a7645.jpeg,daniela climb4life.jpg,500,500,184.56,false,false,focus-review;gallery-resolution-too-small;hero-resolution-too-small,
med_9c14d803fcd158225dbf073b,001426-65ee2379b1d1ecfed0fdf0145a2b17c9c4b84820.jpeg,"Jany, Espolon de las Ranas, 7c+, title.jpg",853,518,2162.48,false,false,gallery-resolution-too-small;hero-resolution-too-small;exact-duplicate,
med_9c321d3e0ca67201a9a2ba71,000765-7b410a6f0688541ad137c5654f4ca1802f616853.png,Casa-Catalunya_200x200.png,200,200,2757.05,false,false,gallery-resolution-too-small;hero-resolution-too-small,
med_9c4d99464624d2e8efcf07ee,000683-beaf23e9aac84e6f8ca8b2722a09ba4ca3eba46f.jpeg,Jian Oltre Finale.jpg,1300,867,1770.14,false,true,hero-resolution-too-small,
med_9c8541f1c1e5c2df471338ae,001277-e65cc77867305879e33a106c8b2efbc4a16411b5.jpeg,"Rafa, 7b+, somewhere in Catalunya, Patxi Usobiaga Advance Sport Climbing Course rockbusters.net 8.jpg",1998,2997,2421.88,true,true,,
med_9ca7381b627708dde28bf27f,001140-14ff2a21582edecb21b7c7e038dc16f206428520.jpeg,Espadelles Margalef 2018.jpg,1362,910,1508.04,false,true,hero-resolution-too-small;exact-duplicate;near-duplicate;near-duplicate;near-duplicate;near-duplicate;near-duplicate;near-duplicate,
med_9cb4c160656807936a52f824,001398-dcb84df36b91d437edaa275e6f466b898134e1e4.jpeg,WhatsApp Image 2025-10-23 at 12.02.00_d0ae1427.jpg,1110,1143,3058.07,false,false,gallery-resolution-too-small;hero-resolution-too-small;exact-duplicate,
med_9d07f8cbb94a753c8eebcb65,000057-09cf0c9411b58de13f99d4b310857b5293e082a6.jpeg,rock_climbing_ceuse5.jpg,612,448,995.99,false,false,gallery-resolution-too-small;hero-resolution-too-small,
med_9d3d1d81a0a95705e5a4b528,000487-5017985bbe0a761ad843298f25db0f1d0e8dcb9a.jpeg,"Mont-rebei Vía Cor Salvatge, 7b.jpg",2448,3264,2549.06,true,true,,
med_9d5b4e95ebc94807d8641fcf,000195-8acaffdc3d9095081709b6a2c71baa709f9b25a4.jpeg,Kerstin Margalef 11.jpg,2248,4000,406.17,true,true,,
med_9d82ee06ff3fc1bd3e9ae21d,000969-945626d3d2cc4ad879c58e80afde2df92e7cab3d.jpeg,IMG_2496 copy.JPG,1350,900,4871.37,false,true,hero-resolution-too-small,
med_9db25cdcba14dd4f4c233da6,000445-a7f2ba01ef0f73041a01e64c927e4bec559f001c.jpeg,carlos singing rock.jpg,960,625,3124.62,false,false,gallery-resolution-too-small;hero-resolution-too-small,
med_9def0ce83646bc931e28e071,000285-cf9971d9e639e85d330837a5173cda0cd7bd27e4.jpeg,DSC_0248_edited-1.jpg,1579,2339,2474.21,false,true,hero-resolution-too-small,
med_9e8b5d58958515125f9850a4,000842-535d62a193f5b6da15d32a5d9bf215fd5386cda7.jpeg,Jaime Zillertal.jpg,3577,1067,1483.4,false,true,hero-resolution-too-small,
med_9edcef4f3dfdfe1e96ea75c7,000279-a35557ae8b69e077ff86dae9ff65e9a299331102.jpeg,Rockbusters_Sella4.jpg,960,904,676.85,false,false,gallery-resolution-too-small;hero-resolution-too-small,
med_9f010cb7b6ce0e33af0c1ffe,001135-e7d26926bf7709d6ffab9e6ebb21f551dfbf70b5.jpeg,Espadelles Margalef 2018.jpg,1362,910,2271.86,false,true,hero-resolution-too-small;near-duplicate;near-duplicate;near-duplicate;near-duplicate;near-duplicate;near-duplicate;near-duplicate;near-duplicate;near-duplicate;near-duplicate;near-duplicate;near-duplicate;near-duplicate;near-duplicate;near-duplicate,
med_9f10a2367c454c44a6c5d503,000779-ad5809d4b2d1e4ea597f35c910d3d5b5ed60d8c3.jpeg,bg-event-date.jpg,2156,645,2308.99,false,false,gallery-resolution-too-small;hero-resolution-too-small,
med_9f4a8701808a1e1b8f131668,000260-ee2746536393c8786f90061f0f462db6856da83e.jpeg,Doke_Rockbusters_Rodellar1.jpg,651,960,1334.73,false,false,gallery-resolution-too-small;hero-resolution-too-small;near-duplicate,
med_9f9209d3de9abc348cb099b9,001086-8f6ea79d584b1b4f620f97e31185f7ae33bcf040.jpeg,Bouldering Albarracin,4000,2672,280.6,false,false,focus-review,
med_9fb4e1e18e4299920237a72b,000187-23aadd05e8fe21b884c08b60d54b7c0826c445de.jpeg,Kerstin Margalef 3.jpg,1402,3125,706.41,true,true,near-duplicate,
med_9fb9a9eef42f4011d122324e,000562-374687b65b862c334d87425db9a7bb9d20bc52c2.jpeg,Rodellar 3.JPG,4000,2248,1377.74,true,true,,
med_9fdd3851a410854814bd7192,001320-fa7e1f03900ec30668003e3c7edd29f3072f6f03.jpeg,maltatal-view-dam-carinthia-austria-57285086.jpg,800,533,2468.17,false,false,gallery-resolution-too-small;hero-resolution-too-small,
med_a02a87b50ce1ef8b76ed4e24,001336-355148baf7e213da3905d5347fa289904cf01531.jpeg,WhatsApp Image 2023-07-09 at 16.44.09.jpg,900,1600,2181.08,false,true,hero-resolution-too-small,
med_a05d823994fedbc3a2c58edf,000357-cfee88f391f1709443173a90c07aa80a34cfdfe8.jpeg,Apellaniz 4.jpg,800,450,680.21,false,false,gallery-resolution-too-small;hero-resolution-too-small,
med_a0ebdac1c6bf5c53fbd16712,001125-a5a08be8429e8ebae6f88386bc1e9d057017b8ee.jpeg,Labske Udoli climbing,3000,4000,2195.07,true,true,,
med_a100f6a8764396b4d62e58d6,000676-5b09886c7f94c5847dcb3f36ef05f052cf070027.jpeg,Hege Oltre Finale.JPG,1300,867,1129.78,false,true,hero-resolution-too-small,
med_a16f275f15b81e5200651a8a,001054-49218bbdc73c70a945b361bbf8962d5a3754a2b8.jpeg,IMG_20191009_095516.jpg,4000,3000,982.63,true,true,exact-duplicate,
med_a1b2acc8283d60c72f39bc65,001201-93f9dce9c534a1197515d2aaa4c1df05bbd5688a.jpeg,riglos.jpg,1200,765,1341.24,false,false,gallery-resolution-too-small;hero-resolution-too-small;exact-duplicate,
med_a1d26a597fd431f75cd9711a,000906-071ab2188f9969b46985cc7ea1666e8aa9a59ebb.jpeg,"Jany, Maria Ponte Harnes 7b+, Rodellar.jpg",1320,887,1129.79,false,true,hero-resolution-too-small,
med_a1d86c6442151ee9a85af2c5,000855-63b1263db1c68215dd7ae6fdd3930f9d2e6671d1.png,Screen Shot 2018-02-28 at 14.18.38.png,729,483,1268.44,false,false,gallery-resolution-too-small;hero-resolution-too-small,
med_a1e1d6217a3297da7f41faeb,000277-4a9a4d538bf5a4443b792ff93280121108eba19f.jpeg,Rockbusters_Sella1.jpg,960,720,1273.48,false,false,gallery-resolution-too-small;hero-resolution-too-small;exact-duplicate,
med_a206da5a1f85184cffb61734,000672-78cc0d10e394e5a15a739792b70d477f69ef44a7.jpeg,Minoru Ceuse.JPG,1300,867,2198.68,false,true,hero-resolution-too-small,
med_a2335a4688320da2865db0bc,000275-ba03c20a57fdafba5105a393fcbec6a8ae24369a.jpeg,Rockbusters_Albarracin.jpg,274,206,1971.65,false,false,gallery-resolution-too-small;hero-resolution-too-small;near-duplicate;near-duplicate,
med_a234d46a979c6932c2471e8b,000211-2f2b1cfa164f4552cdee54708c338947d413e02a.jpeg,Zach Margalef 8.jpg,1499,2002,765.17,false,true,hero-resolution-too-small,
med_a26f1d20c6c86a9effac4e1a,001339-5b6c39546112e86cad1e3d25dee8bde0e653302a.jpeg,Linda Nido Amoroso 7b+ Sella Wildside 2023 rockbusters.net (26).JPG,1505,847,1729.93,false,true,hero-resolution-too-small;exact-duplicate;near-duplicate,
med_a2c84ca8f9373d4380d5ede2,001253-4eb7250f0db8f6e9ce84631b0a1ad9664d046b2a.jpeg,Advance Sport Climbing Course with Patxi.jpg,5473,3648,2758.23,true,true,exact-duplicate,
med_a32dfa1db0fe863284073571,000417-a270c5afccca2048d3fe10d86267aa922fba3e77.jpeg,Joe Mallorca.JPG,4000,2248,1287.48,true,true,,
med_a38a63bda59f8fd260b058d1,000748-07548f39408e3fb4fc7a2e2e4bbe04d8393175e1.jpeg,Patxi Usobiaga training work shop Rockbusters.net.jpg,2250,1500,2319.11,false,true,hero-resolution-too-small,
med_a3ceac4ba99c157a213e233c,000680-4518d2086291dbe6715faf58c98ea0357222cf62.jpeg,Jason Oltre Finale (4).JPG,1300,867,675.51,false,true,hero-resolution-too-small,
med_a3cf35b4728e3e093e559b84,000217-8681824040cbac3708178fd29713f7a30d9e2284.jpeg,ed margalef 2.jpg,960,640,2160.84,false,false,gallery-resolution-too-small;hero-resolution-too-small,
med_a3e0e7308b9c0f57e01d1f81,000008-7e55e8012bd8d89964a565c025b5455f7e3707dc.jpeg,4a46b394ab0b7de9e8c8d2dd7f9720da.jpg,300,600,4938.63,false,false,gallery-resolution-too-small;hero-resolution-too-small,
med_a3e3b22c5ab4f0dc6f73807b,001165-3efc0491cb2c2e0d9697239e794d80388e95194c.jpeg,Alex Frankenjura 6b+ rockbusters.net 1 DEMO_002.jpg,4021,2680,2345.1,true,true,near-duplicate;near-duplicate;near-duplicate;near-duplicate,
med_a3ecf53ada8c18619bcb500d,000124-68487711f98c1cba131ca7386d804433aa609698.jpeg,Kim Finale Ligure 4.jpg,3442,1597,802.45,true,true,exact-duplicate,
med_a40d381f4af3a1f1ee5ff916,001389-690a7b8a794974a82acdbdd85baa5b8962524fa0.jpeg,DSC08479.JPG,2100,1400,2112.03,false,true,hero-resolution-too-small,
med_a476327882d3fe0b691401f9,001400-010438e3aed9ac56a03a528b0ae3fd65560f0af5.jpeg,Cadiz Rock Climbing Guidebook - Escalar en Cadiz.jpg,500,709,2014.91,false,false,gallery-resolution-too-small;hero-resolution-too-small,
med_a48c48992365eacf8e7450c1,000054-9c7785d4da058ab98e4d4dae14985cab01b31078.jpeg,Ceuse_SectuerCascade_ISG_3.jpg,400,264,2571.44,false,false,gallery-resolution-too-small;hero-resolution-too-small,
med_a49c281debbcab3defd45453,001269-33392ed8560e50cea38799c48af880e341691c1a.jpeg,"Rado, 7b, somewhere in Catalunya, Patxi Usobiaga Advance Sport Climbing Course rockbusters.net.jpg",3485,2323,2506.01,true,true,,
med_a4a0bfeca4c44cc0852c045d,000116-90424afbc3aabe230833f4467d6d842fbdaac361.jpeg,Zillertal9.JPG,3000,4000,2639.96,true,true,,
med_a4ab2ddf028f269375906982,000579-0e141f99480af33d202c88b6a550b7d5f2829b19.jpeg,Abbe2-Sella-ClimbingSpain2016-Rockbusters.net.jpg,2767,1645,1328.84,true,true,,
med_a5241a70c9847c27b6fa0ccf,000925-262480ae3cb27f356a209c4603deb89db731ee4e.jpeg,"Andrlac, Rodellar, 6b+ rockbusters.net 2.jpg",2220,1162,4658.54,false,true,hero-resolution-too-small,
med_a56200f32b426560ba83f448,001134-1ef4ebee7399eca63fc1e29af69ed1723325e158.jpeg,MD_BRNO_1.jpg,3840,2160,2697.79,true,true,,
med_a5cb6a6663a386eb3ea8e1c2,000043-e6bcbaa4370e6f69bb154ca81489f3cb86a79444.jpeg,Michel Ceuse 3.jpg,1795,1154,1816.52,false,true,hero-resolution-too-small,
med_a5cca861b6eb88bbf02fc080,000717-97673aea3306bb1cbd69da43260f5a6e48cd2004.jpeg,LaGonte6.jpg,306,164,1826.85,false,false,gallery-resolution-too-small;hero-resolution-too-small,
med_a5ec00a6dbed6ad484f4b584,001214-5ba671c1a801d8604dd534cd475660f0b2725e3b.jpeg,Yann Frankenjura Ejakulation 7a rockbusters.net 2.jpg,5546,3697,1063.21,true,true,exact-duplicate,
med_a61d621a73c17f739634a3f5,000951-2abf3e9343c8b75e9bf95c78f94e9735a1b77c19.jpeg,adria logo.jpg,300,200,1507.35,false,false,gallery-resolution-too-small;hero-resolution-too-small,
med_a66bf5d0caaf9fa6f5c5d501,001066-f23d9663c7858997d8c8fce1f23077af8f282dcf.jpeg,Jaime 1 Zillertal.jpg,1955,1319,2108.14,false,true,hero-resolution-too-small,
med_a6a10b68b2e036593cdff0e2,000409-7cd1db37f79c31d853ad8300c43f9301550fe7eb.jpeg,E2B8056-copia3.jpg,1024,595,6396.24,false,false,gallery-resolution-too-small;hero-resolution-too-small,
med_a6e9368863c19114f30275ae,000926-35186b14a324661dad9a5fb299bfafaa476bf2c4.jpeg,"Andrlac, Rodellar, 6b+ rockbusters.net 8.jpg",2541,1694,2130.26,true,true,,
med_a6f63ebfe3f7e9d4840ebd2b,000903-6f45f1925ad1cbd3e20ad11a2aa72c2ef220c391.jpeg,27Crags_Albarracin_Mikael_Uponen.jpg,1400,933,2152.81,false,true,hero-resolution-too-small;exact-duplicate,
med_a740626e8e264564838e6ead,000703-ebe227fea0988a04c3b6b7d1770c5e10049d022b.jpeg,Chamonix2.jpg,3776,2520,2779.78,true,true,,
med_a789a7c6ebfeae0b720c8884,000400-443947554f102a45149ce2e1acc07afad461c654.jpeg,kalymnos fero 3.jpg,800,1202,2142.25,false,true,hero-resolution-too-small,
med_a7b8a89431b102fed0c1d81d,001461-c3f0dc432c3b80823b2bac8734cac441a0c8c6b8.jpeg,DSC00019.JPG,1276,850,1116.47,false,true,hero-resolution-too-small;exact-duplicate,
med_a7c9d232f47d2d191d003471,001225-886ae2870221ea5d8ad8101e85e87323ef4d7c3e.jpeg,patxi usobiaga.jpeg,1600,1066,2045.55,false,true,hero-resolution-too-small;exact-duplicate,
med_a7e0dc1070790805035111ac,000145-981e0f8367b165ffe475f64f3b7bf20b91e0fa0f.jpeg,Gorges du Tarn.jpg,4000,2248,680.8,true,true,,
med_a845f3cfeba1f9b0fb773a67,000600-ec09f75e59b50ab4c215ec62d7e7cf29cd89afd4.jpeg,Lyton3 Siurana_ Spanish Climbing Trip 2016.jpg,2483,3705,1079.47,true,true,,
med_a857da3b116abe940efe0939,000486-b0c572b524fdc82de9705bc0544601548e1eb05e.gif,Mont-rebei via CADE.gif,700,956,7242.68,false,false,gallery-resolution-too-small;hero-resolution-too-small,
med_a85d8b9a76766f87b1d4d3de,000464-496e7d1594f04cd023b0fdf7a0364d9da6bb6371.jpeg,collegats croquis via tanger 2.jpg,1169,1187,535.66,false,false,gallery-resolution-too-small;hero-resolution-too-small,
med_a8cbb68feda9ae87cf6a6408,001357-5a0359a5f865cd17e975e6018b9dcd91e33408a4.jpeg,DSC03711.JPG,1943,1295,1528.36,false,true,hero-resolution-too-small;near-duplicate;near-duplicate;near-duplicate,
med_a8e7a9f72c5d4fb5d452cd8e,001188-606dc1f462c9bd1fc48bc7d84aacd5b9a0b38fad.jpeg,riglos.jpg,626,417,2644.74,false,false,gallery-resolution-too-small;hero-resolution-too-small,
med_a8fb8362f3377e92bf8259c3,000654-2ad4410818b2e63149d2854689071460c6a86568.jpeg,Hege Oltre Finale www.rockbusters.net.JPG,1300,867,1469.49,false,true,hero-resolution-too-small;near-duplicate,
med_a91b48642db28434e87fc07f,001352-eae3212138c02deef6e3605abf1521b0db414218.jpeg,Training 5.JPG,931,419,2296.27,false,false,gallery-resolution-too-small;hero-resolution-too-small,
med_a9250376441e3b7272878ae7,000857-5d6188dbe0e98f3247bd4cedc42a2b7ff2cb9e20.jpeg,AP-1TYJWXXYW2111_news.jpg,3200,2133,1940.81,true,true,,
med_a9379a4e5071e6df70623421,000864-3ea2fdc23201ab57a10e3291fc16957134978011.jpeg,AP-1TG4PYR4W1W11_news.jpg,3200,2133,3423.01,true,true,exact-duplicate,
med_a978fa8f1ddeaf1e7f7c66c2,001040-c4b4d69e9650e743e20fb8cfd10a7c32cfffc240.jpeg,Will.jpeg,500,500,223.31,false,false,focus-review;gallery-resolution-too-small;hero-resolution-too-small;near-duplicate;near-duplicate,
med_a99fe45bc8e687afb8a3dc13,000222-d1709c57ef9eb2ce3cb15e9958d9739c7dc0e07b.jpeg,P1040778.JPG,4000,2248,590.27,true,true,,
med_a9bdfe967be049bc9e35e818,001009-15d2281a1deae5095136bf907c3c6af9d88ec641.jpeg,Blin.jpeg,300,300,252.84,false,false,focus-review;gallery-resolution-too-small;hero-resolution-too-small;near-duplicate;near-duplicate;near-duplicate,
med_a9e1aadd89e90411bae8f69e,001236-574c6e948c56ec5af8c913eb50fade1874bda244.jpeg,IMG_20191009_095516.jpg,4000,3000,982.63,true,true,exact-duplicate,
med_a9e8235ccd2091171b55f29d,000850-c330d004e1dd57801215f27241c3a46b326139a5.png,Screen Shot 2018-02-28 at 13.51.32.png,998,682,2619.47,false,false,gallery-resolution-too-small;hero-resolution-too-small;exact-duplicate;near-duplicate,
med_a9f0dc39a51320fd3ef780f8,000763-39491aabe078c77d3eae9212554a31bf85ec073e.png,thecraglogo.png,318,100,36450.54,false,false,gallery-resolution-too-small;hero-resolution-too-small,
med_aa22f4e29710d1ad649013ad,000812-e48ab8274137ad788feac583cd7be11f494d5dff.jpeg,Hege Zillertal.jpg,3114,929,1785.2,false,true,hero-resolution-too-small;exact-duplicate,
med_aa35019a12ed44ece8544d19,000624-726c6bccd73885d85bf91727f97fbf719c85ad25.jpeg,Jany_singingrock_Rodellar.jpg,3880,2600,2081.32,true,true,,
med_aa74e02692cc26d07cd3b2b9,001383-72cd081180854f2c202d4711b2baca972b88adf0.jpeg,Messenger_creation_951286003219466.jpeg,1200,800,2523.57,false,true,hero-resolution-too-small;near-duplicate;near-duplicate,
med_aab7a02e9140cc3e21f66b37,001329-1782c2967dae524f83185963b85f2f7936fbfd03.jpeg,Gorges du Tarn Jany Climbing Trip Europe Gorges du Tarn 2018 rockbusters.net (2).JPG,867,1300,1100.18,false,true,hero-resolution-too-small,
med_aae0a86a6dadb86aa025ab90,000163-c965135905154d749355481427dfe9f7304814df.jpeg,Jenda Gorges du Tarn 4.jpg,2304,3456,887.93,true,true,,
med_aafe7ba09e2cee9259724f3a,001296-91d3341b101c09c58ccda374e311f2f4d49d04fb.jpeg,WhatsApp Image 2021-11-06 at 4.36.57 PM.jpeg,1600,1200,1512.59,false,true,hero-resolution-too-small;exact-duplicate,
med_ab2f505c4559505261a08be7,000267-b68fe5d53994fff56d09b70b5c741a53f2b9f1f9.jpeg,jany_Rockbusters_Rodellar2.jpg,960,720,1278.26,false,false,gallery-resolution-too-small;hero-resolution-too-small;exact-duplicate,
med_ab3e6b30f463ab7a66a4b138,000337-87d7c2810545e60082d176980fdf86c038d1cabf.jpeg,albaracin ines.jpg,800,1072,2648.45,false,false,gallery-resolution-too-small;hero-resolution-too-small,
med_ab3e93f974c9ca8fcf887bf5,000038-d32ad0bf80f1d677bcc5001adc61048cea2bc1f5.jpeg,Ceuse view 2.jpg,4000,2248,128.56,false,false,focus-review;exact-duplicate,
med_ab8a3fc24660afb672729df6,001438-c52fe82c54784d8d84086247bbc8400f19371500.jpeg,DSC08517.JPG,1196,798,1912.12,false,false,gallery-resolution-too-small;hero-resolution-too-small,
med_abd115db3c8b28de6d02907d,000555-0b358be65e9b83842987253ca4dc26cc58cd45b6.jpeg,Rodellar.JPG,3648,2736,1184.1,true,true,exact-duplicate,
med_ac7630b76e8da87fa771c407,000414-f5d7fc614c89035fbae0f9e307151380e0c66da3.jpeg,renaudmalahostia2.jpg,1024,683,2299.58,false,false,gallery-resolution-too-small;hero-resolution-too-small,
med_ac92b7c51856f93f043d52ba,001316-ab1d9eed9d0fd36bbd999a8c6f830b0d9cca802c.jpeg,Bohus in Otre Finale rockbusters.net.jpg,4376,2918,1563.01,true,true,exact-duplicate,
med_ac96d8aa3c1d24caa425a6b1,000346-c80f0e21463a6155bf6dc36b66f8e78be5510785.jpeg,albarracin Janek2.jpg,800,534,366.37,false,false,focus-review;gallery-resolution-too-small;hero-resolution-too-small,
med_acbb02f26cd9578e8692e95e,001247-eb3971153a86fbb06f686a96849ff9e250e5d583.jpeg,Klemen Klondike Cat 11- Frankenjura rockbusters.net 3.jpg,4403,2935,1147.43,true,true,near-duplicate;near-duplicate,
med_ace41d7d6e086ad26a45ca3e,000100-13695ba9470b64785fccd04a41cf33abc96f3c5e.jpeg,Minoru Zillertal.jpg,1560,3825,765.67,true,true,,
med_ad112086dd136cedc580a935,000545-79e1b2e6aafa812d42ce367fad4f7275c7547eb3.jpeg,online-sport logo.jpg,570,163,2883.75,false,false,gallery-resolution-too-small;hero-resolution-too-small,
med_ad137075fb07a0ac8e6d70b5,001359-6790e93dd9e7eab25378fc1fb2a0e0aea1d70d74.jpeg,20240307_170204.jpg,4000,2252,847.56,true,true,,
med_ad2dae57965d8442fca3c152,000455-95f68c06ada955d710487166eb39a0512579a406.jpeg,colt screw.jpg,304,267,644.89,false,false,gallery-resolution-too-small;hero-resolution-too-small,
med_ad368f001effd8fa1a5e1eb7,000048-c803b91ce633bbaeee0b785b2ec4645415bad70c.jpeg,Ray Ceuse 5.jpg,1877,2243,480.33,false,true,hero-resolution-too-small,
med_ad80a98c6b9777405fec8b52,000350-cd522c58b1952fcfe946dfb41da6d8d65eef930b.jpeg,Albarracin techo don pepo.jpg,800,534,575.26,false,false,gallery-resolution-too-small;hero-resolution-too-small,
med_ad8a752885377016c51810b3,001128-9bf2fe5444ceb7ae1e0e507bb920be2293eabbb7.jpeg,Ray Labske Udoli 2.jpg,4000,2248,1124.54,true,true,,
med_ada6c0e9fbc04285827a3283,000330-b1d14078ee83d8b1d680893d4704b7c71b86272c.png,Laszlo palice.jpg,100,96,698.67,false,false,gallery-resolution-too-small;hero-resolution-too-small,
med_ae147c4bfe76519f51d902e7,000210-aaef07f4cbde31c0e3a3732034dcd8965585931e.jpeg,Zach Margalef 8.jpg,1499,2002,765.17,false,true,hero-resolution-too-small;exact-duplicate,
med_ae2af4749df6bc4bea708084,000978-f695caa8a013addbfa97e35ee11f91e3d13fe11a.jpeg,Anna Europe Trip Zillertal 2019 rockbusters.net.jpg,1049,700,2368.82,false,false,gallery-resolution-too-small;hero-resolution-too-small,
med_ae35e47566f3238cc41af168,000370-006d48f81960609437ff4a9ee69f9967165e741a.jpeg,ceuse 2.jpg,800,1067,483.95,false,false,gallery-resolution-too-small;hero-resolution-too-small,
med_aeb4353f38157cebc37126c7,001326-a9f21ced0881bc5303c42e3cbdcb9673a77ae8da.jpeg,Linda Nido Amoroso 7b+ Sella 2022 rockbusters.net.jpg,6000,4000,1775.42,true,true,,
med_aeb792c0979302c62d4c1252,000233-6909b7767b9cda197f797fa6127d053a59443309.jpeg,Ramiro Rodellar.jpg,2467,2232,1637.54,true,true,,
med_af4cb3cb5da76e327dbcff8e,000147-a05425375be67a15ab0d2eec4e04e5d051930796.jpeg,Hege Gorges du Tarn 3.jpg,909,1980,2714.21,false,true,hero-resolution-too-small,
med_af918d938fce54af93e17779,000090-3741abe41a8cf15ebd420546329cbf90db228b03.jpeg,Frankenjura09.jpg,612,448,2357.47,false,false,gallery-resolution-too-small;hero-resolution-too-small;near-duplicate,
med_afa1a8f5056f023f262589ca,000791-2a38dd571fd5d0f2d14a0b3f80fd50a7df820373.jpeg,Anne2-Sella-ClimbingSpain2016-Rockbusters.net.jpg,3102,925,1506.85,false,true,hero-resolution-too-small,
med_afa3340969ff9c9ec84308c0,000201-b2ca16a79e84dfc3b6cbef8835e966b82cb5982e.jpeg,Paella Night Margalef.jpg,4000,2248,592.84,true,true,,
med_afe2122154cbcb51d675cfc6,000289-965eacd1e55b6aa9cb3f15753dc4748a97c24bf0.jpeg,DSC_0693_edited-1.jpg,2059,3067,1435.33,true,true,,
med_aff4b1f06ff81bcceacd711f,000756-74e966bcdd9dfa5a9025c4b129ced9e40cf106ab.jpeg,Adam Ondra Adam Ondra & Patxi Usobiaga work shop Rockbusters.net.jpg,1000,1500,1148.98,false,true,hero-resolution-too-small,
med_b00bde5854e9f5b2ac4bbbb7,000610-01b35ce24f3f5bd2bf392780e42416ceacd088b2.jpeg,PA291509.JPG,2448,3264,46.7,false,false,focus-review,
med_b07022516e931970c40eef1d,000792-1b00f12d9486d5a5de50f76f6aae4c0d665cb9dd.jpeg,Avi DWS Margalef.jpg,1136,339,2055.93,false,false,gallery-resolution-too-small;hero-resolution-too-small;exact-duplicate,
med_b080aa7d3842e0be1ba90fcb,000033-63f40c4bfe23d91bc02d1824c12b2cd6ecdd1802.jpeg,Ceuse view.jpg,4240,848,479.52,false,true,hero-resolution-too-small,
med_b087a97ff4ac07fcef482572,001289-e483929ba4014787a69df34b7ecce02c348aa9c2.jpeg,Beginner Learn to Lead in Frankenjura 2021 rockbusters.net_001.jpg,5193,3462,2615.57,true,true,exact-duplicate,
med_b09e1ad018668657d41affdf,001235-841c150ecb598540520e678778773cdd1b6346f8.jpeg,jany_palice500x500.jpg,500,500,945.99,false,false,gallery-resolution-too-small;hero-resolution-too-small;near-duplicate,
med_b0aa53e6bc739b06be9f19fd,000732-2b491890e20089ac633963a1531601799ea4d595.jpeg,Klemen Bečan 6.jpg,700,1000,1576.88,false,false,gallery-resolution-too-small;hero-resolution-too-small,
med_b121cbbcd6ad7f280b164f5b,000633-3b3b23dfe15be8c82996cd1858923cf32eeee2d8.jpeg,Adam-Ondra-project-Misja.jpg,1775,1333,1055.41,false,true,hero-resolution-too-small,
med_b14049a8a7f85d15f4c00d4b,000505-b47d8f44a53ec559bd4df85f287e31d01acb1cc9.jpeg,Monserat Escalando la vía Punsola con la sombra de la propia aguja al fondo.JPG,4608,3456,2077.1,true,true,,
med_b1471e247276335a1850d893,001147-83ab8426ae4002e6b6f354f9a331b04d1749c3dc.jpeg,Espadelles Margalef 2018.jpg,1362,910,1508.04,false,true,hero-resolution-too-small;exact-duplicate;near-duplicate;near-duplicate;near-duplicate;near-duplicate;near-duplicate;near-duplicate,
med_b1ceae121fd6965e72b1e63f,001325-e0708c6b77f1091e4f7a5d017a3b36901062c185.jpeg,Linda Nido Amoroso 7b+ Sella 2022 rockbusters.net.jpg,6000,4000,1775.42,true,true,exact-duplicate,
med_b1d2659d9700a70223858d8f,000105-1b7f9e66f2524b427fae92177625131be490de18.jpeg,Ray Zillertal.jpg,4000,2248,724.36,true,true,,
med_b245c3498755fe818831caa9,000736-0797c528af95c235aa2d0cb488d3240e9f74db8f.jpeg,Klemen Bečan 9.jpg,1274,900,1999.16,false,true,hero-resolution-too-small,
med_b2e93921fcc95417fcc202c8,000862-59f1a043863576bee2dff1ea25ba993fb76edf9a.png,Screen Shot 2018-03-07 at 20.28.51.png,1201,751,1500.01,false,false,gallery-resolution-too-small;hero-resolution-too-small;exact-duplicate,
med_b39ee58a98e8e529e9a0d2ca,001335-9413651ff87412b4a798ac52294517a1f45ebfe4.jpeg,Bohuslän.jpg,1024,662,2165.35,false,false,gallery-resolution-too-small;hero-resolution-too-small,
med_b3afe5df85682a403df5398c,000775-90a30a0b268e06852bab8b09c7d3b766a4f5a5b8.png,logo vertical yellow (1).png,315,317,15091.41,false,false,gallery-resolution-too-small;hero-resolution-too-small,
med_b3b58ee6d30180c578dc9244,000215-a1e17692eedbeef543146860c35a52eccc44cb7a.jpeg,alex margalef.jpg,640,960,1392.46,false,false,gallery-resolution-too-small;hero-resolution-too-small,
med_b3ccd47a531c988cf5428032,000920-8668eb54f6abac096dd2a47ded49f8138b21d0bb.jpeg,received_10211839004516041.jpeg,940,788,4066.15,false,false,gallery-resolution-too-small;hero-resolution-too-small,
med_b3ffd199618a7998e75bfd8f,000290-8f51f5397f58bc2914d70cd5ca561a9ab4e3b851.jpeg,DSC_0701_edited-1.jpg,2565,1808,1279.92,true,true,,
med_b42eb5d14c7501345ca3afc0,000829-a4850a0d0ae9e8c707a4a88b39c8952e4367eeb5.jpeg,Siurana Adam and Patxi 1.jpg,1200,358,4802.38,false,false,gallery-resolution-too-small;hero-resolution-too-small,
med_b441d4340e8764a4eb574a26,000378-12419335061d057726d6801277a65ead92288de4.jpeg,cuenca clients.jpg,800,1067,3047.51,false,false,gallery-resolution-too-small;hero-resolution-too-small,
med_b457ba87ecb8dcd63abfd51e,000761-d0e6763c5d4d595a902040ab3fa494dce028adbb.jpeg,Sabrina Adam Ondra & Patxi Usobiaga work shop Rockbusters.net (2).jpg,2250,1500,2241.83,false,true,hero-resolution-too-small;exact-duplicate,
med_b45fd01e37e810692ad2a1b2,000405-d0529601163d836d67202a1542ffff885f4ab88c.jpeg,kalymnos5.jpg,800,1202,1779.95,false,true,hero-resolution-too-small,
med_b4cfa9c4ce4dc1b1b4e538cb,000395-ea67eeab222c20998b48e46a82546dbce9bc8b9a.jpeg,finale2.jpg,800,533,1504.95,false,false,gallery-resolution-too-small;hero-resolution-too-small;near-duplicate,
med_b4f5ed3f15fcd8016acf4bed,000268-eb2ab6c56cd7c529e6a488ea03d22a244f261af1.jpeg,jany_Rockbusters_Labak.jpg,711,720,3404.74,false,false,gallery-resolution-too-small;hero-resolution-too-small,
med_b547ff6b789acb08a038ba97,000517-1cc06ec5510b93cef5f6a4004174341761ea2c5c.jpeg,roca regina.JPG,3000,4000,1434.14,true,true,,
med_b585852919eb3021e848238c,000467-10ba10b2bcb544aeb4bfd1a5215dd1cdcc4196ef.jpeg,collegats El congost de Collegats desde la Roca del Diablo.JPG,3000,4000,1735.61,true,true,,
med_b5e58d4f01a36fc3e32e6b70,001353-312c2d74eafeb66ca171e4ab0b2fcefb5c99e93b.jpeg,Training 6.JPG,954,633,3070.68,false,false,gallery-resolution-too-small;hero-resolution-too-small,
med_b66d4df28653feb5f9dca3c2,001139-75b55a533b142c8cf94a0d745bf4a13130009b6f.jpeg,Espadelles Margalef 2018.jpg,1362,910,1562.68,false,true,hero-resolution-too-small;exact-duplicate;near-duplicate;near-duplicate;near-duplicate;near-duplicate;near-duplicate;near-duplicate;near-duplicate;near-duplicate;near-duplicate;near-duplicate;near-duplicate;near-duplicate,
med_b68b4f06da7f7d3bf8ace071,001232-8a51bbf2fba1e47270cfbd0adc2121509f3d184f.jpeg,Klemen Bečan.jpg,1275,717,1608.53,false,false,gallery-resolution-too-small;hero-resolution-too-small;exact-duplicate,
med_b6cf319239ebcba6bda95102,000499-9ab14a6c5c1115945db1dba4fae46d0e94490e4d.jpeg,Monserat Aguja Caval Bernat con la evidente línea Punsola.JPG,4608,3456,1162.88,true,true,,
med_b6e7a188de472f250f499356,001331-07865e91b5e80ba3caaf3a5a16768abe9ed92cfa.jpeg,"Rado, 7b+, Tres Ponts 2, Patxi Usobiaga Advance Sport Climbing Course rockbusters.net.jpg",4433,2955,2328.43,true,true,exact-duplicate,
med_b706d0a816bf87cd8cd5c0f6,001237-f4c6500e3961e92766155d3a14e29c4b1c5e66a9.jpeg,IMG_20191005_145645.jpg,4000,3000,1933.71,true,true,,
med_b73e60b6c10a85f882fd0d1d,000803-43c93db703d06a95d71e261b90c37bb368b31abb.jpeg,Hege Zillertal.jpg,3114,929,1785.2,false,true,hero-resolution-too-small;exact-duplicate,
med_b7442ee4af10126533b19ab6,001363-419f6a3b1df6645c39b22c4a15cdb002d50fa513.jpeg,Fabian 7a Oltre Finale rockbusters.net.JPG,1500,1000,698.36,false,true,hero-resolution-too-small,
med_b7afe428073ab2938ee9b8dc,000177-383f76159c38664e0fbcfe0302bfd5bb425bb62c.jpeg,Holly Margalef 5.jpg,2600,1926,495.06,true,true,,
med_b7ca06d2beb69fd85eb9d524,000856-ec91899994c8d69ac0f2fcde97b3888522a4785d.png,Screen Shot 2018-02-28 at 14.24.49.png,718,434,2024.59,false,false,gallery-resolution-too-small;hero-resolution-too-small;near-duplicate,
med_b7ccf90225fe1d67e3ee933e,000559-9baa964f23a861df333bb4c86e0bd75a94c36154.jpeg,Rodellar.JPG,3648,2736,1184.1,true,true,exact-duplicate,
med_b7f5158edc88ad87bc1142f7,001432-c87b79e4512e293982f30d2705602f43e72d516b.jpeg,Luci Frankenjura 5+ rockbusters.net.JPG,1160,773,1007.02,false,false,gallery-resolution-too-small;hero-resolution-too-small,
med_b831ad29cc8ce855fa0f2529,001368-1679a7866ba48b7ba20042930d6f1f5212894ee8.jpeg,w3gmDXr1.jpeg,1976,2015,1534.93,false,true,hero-resolution-too-small,
med_b835de5700f98f850bd8176d,000550-46d418d18a4af2e9ca4cf3d016ee6932b94eaed7.jpeg,Rodellar 2.JPG,4000,2248,749.98,true,true,exact-duplicate,
med_b8689c357702f28e1dfbb2d7,001137-411e7fc0a3db5b83dcf8aef986fbcbe51617ea8c.jpeg,Espadelles Margalef 2018.jpg,1362,910,1562.68,false,true,hero-resolution-too-small;exact-duplicate;near-duplicate;near-duplicate;near-duplicate;near-duplicate;near-duplicate;near-duplicate;near-duplicate;near-duplicate;near-duplicate;near-duplicate;near-duplicate;near-duplicate,
med_b880d3df0efb4892234046f7,001088-252a318feb3282728985fe2fb47472daebc95c89.jpeg,Céüse climbing,1300,867,144.71,false,false,focus-review;hero-resolution-too-small;exact-duplicate,
med_b88f37f036a426883865c0ea,001062-675a6c2551fb5227aea7f0a249acc1b391d28a0d.jpeg,P1110519.jpg,3072,2304,315.62,false,false,focus-review,
med_b8a652314c0d7a3fce638d8d,000983-a67e47c18a08e19d3d3f76d412366a51e7e2e8c2.jpeg,jan_Rodellar.jpg,299,299,1404.32,false,false,gallery-resolution-too-small;hero-resolution-too-small;near-duplicate;near-duplicate,
med_b8c84034552c00ce41c8d48b,000186-5bda2c5880dca75a67dfdcd51933e1073216058f.jpeg,Kerstin Margalef 2.jpg,4000,2248,421.61,true,true,,
med_b8e24229bac96f8356d34823,000523-78e8178e87728f712518617296fa8db249477db0.jpeg,vilanova de meia increibles vistas desde la pared.JPG,3000,4000,690.15,true,true,,
med_b8f644f7673de86027099f71,000700-7d4753a056717eecd7165f5f9eb5fcb116d5558b.jpeg,will sim.jpg,323,359,445.27,false,false,gallery-resolution-too-small;hero-resolution-too-small,
med_b905fc35b132cc49426bf2db,000701-4a4cef8e34ad2fa07e5bfe2d27572d6b7fa25e25.jpeg,Chamonix.jpg,3776,2520,1920.84,true,true,,
med_b912cd69d4d4e1a74ef7418a,000363-bc80a04e9e8352e35f410dc97ea2bb02b0def52c.jpeg,basque country5.jpg,800,489,1415.63,false,false,gallery-resolution-too-small;hero-resolution-too-small,
med_b971f364f7aa46a15adee3a3,000588-a305dee5223abeb82ac5302e433c7030fbd83d48.jpeg,Gerald-Sella-ClimbingSpain2016-Rockbusters.net.jpg,2431,1725,2117.53,true,true,,
med_b982ad160ee14f42bdc1635b,001455-435c790871e2b641798cfb504d839a3559caa795.jpeg,DSC01768.JPG,1305,870,1652.81,false,true,hero-resolution-too-small,
med_b99bbcb62fab40b741c8269c,000750-d63fe0a13a8315e4a7723a0d488319c55322947f.jpeg,_E2B4119.jpg,1000,1500,415.54,false,true,hero-resolution-too-small,
med_b9ef9cba5fd8727f5bbd87db,000034-c4d6456f61f148644b1e45eb2a165d2386e56377.jpeg,Ceuse.jpg,2807,1980,62.93,false,false,focus-review;exact-duplicate,
med_b9f2081b54d99b7e1a7bb4e7,000807-f187d4828b9de318ea47c106c4bd58ed0800fc95.jpeg,jany default 3.jpg,1200,358,1805.45,false,false,gallery-resolution-too-small;hero-resolution-too-small;near-duplicate,
med_ba2428349f489ebc2808372f,001098-6285be04d9f86b4435a86237f6311c32fe26eb96.jpeg,Jenifer Finale Ligure_001.jpg,4040,2712,1664.83,true,true,,
med_ba3598e69bad013ed0712499,001369-3ec646d354403bd8a2535aac43bd9d47b50c02f8.jpeg,arturo.jpg,750,1134,3117.85,false,false,gallery-resolution-too-small;hero-resolution-too-small,
med_ba4914a4ead22c32f1226279,000504-d7dda141ca6d9829ea8c1f9ed173b1dd1176e6d5.jpeg,Monserat Escalando la vía Piunsola Reniu.JPG,4608,3456,1645.62,true,true,,
med_ba5070180e4e235b6232a4b1,000662-1532e1b3be7dd8f1cd15abd14777c54b1df85795.jpeg,Ceuse (2).jpg,1300,867,749.1,false,true,hero-resolution-too-small;exact-duplicate,
med_bab34044db1e9a4b03dc41e7,000581-1afc6bea78fb7351bf831f71b26850213853015d.jpeg,Abbe-Sella-ClimbingSpain2016-Rockbusters.net.jpg,1739,1625,1025.73,false,true,hero-resolution-too-small,
med_bb1678cb3a9fdcf6feab0951,000822-89fbb4125c7f7e5422f28055cea32e00b6e9c309.jpeg,Klemen Bečan.jpg,1199,358,1370.85,false,false,gallery-resolution-too-small;hero-resolution-too-small,
med_bb19d8ffe059564c07998995,001350-a6e91ef460562a4ce15cc58d5c1f8c2cf33f4eb6.jpeg,Training 3.JPG,621,822,4155.75,false,false,gallery-resolution-too-small;hero-resolution-too-small,
med_bb6ca965e9e66df1fbb15635,000291-937973a29a00ec6ebe8593b3253888400459931c.jpeg,_E2B3483.jpg,1500,981,1779.14,false,true,hero-resolution-too-small,
med_bb6d0dd82249a02dbf32fcea,001417-99fb085e3afeb5f9408258591795e38747540080.png,kostas greece.png,401,140,2209.64,false,false,gallery-resolution-too-small;hero-resolution-too-small,
med_bb845d56122fbe7d4b977105,000136-502b8e7fea190ed315243369859a64a48ad869e1.jpeg,Minoru Finale Ligure 6.jpg,4000,2248,960.78,true,true,,
med_bbae1c12960a7d052729fa05,000185-a96d0275f70fcc744946d4d925ad56290b1377de.jpeg,Holly Margalef.jpg,1253,1959,574.05,false,true,hero-resolution-too-small,
med_bc043d2b98af487fe6107581,001434-f79b88038502b5d79b1c12f5ded8c56790b97f52.jpeg,x Kendra 7a Maracuja Zillertal rockbusters.net 2.jpg,2801,1867,2884.58,true,true,,
med_bc63fb7ba87aafac53dbfb42,000154-95be5f3adafa202cfa456a14c2712d4fdbdc3784.jpeg,Hege Gorges du Tarn 10.jpg,2605,1662,1056.03,true,true,exact-duplicate,
med_bc9ac7358e01b349465597a7,000636-0a74b00ab3002c022bf11feb96f3017662a421ae.jpeg,Pablo Biomechanica.jpg,665,665,1490.77,false,false,gallery-resolution-too-small;hero-resolution-too-small,
med_bcd3467229b34d3aa3e827e7,001161-c745def270c39514122d0c01a35a40190904c54d.jpeg,pablo la sportiva demo blog.jpg,1600,844,2655.3,false,true,hero-resolution-too-small,
med_bcf9294f79ae35fcca845e1a,000565-8d638ecbd68907ee3eaacc8a9ec39bd56f87cde3.jpeg,Doke_Rockbusters_Rodellar.jpg,650,960,1857.6,false,false,gallery-resolution-too-small;hero-resolution-too-small;exact-duplicate,
med_bd6a03287bd8176c40f5ca5a,000174-2dafa9cb018aa54db0b9d2cd8b0a4ca2e4fb1ca5.jpeg,Holly Margalef 2.jpg,2648,1931,475.49,true,true,near-duplicate,
med_bd829a7c71e378c4041dd8d3,000138-0d632a398b6c4420b63eadd1c962bd996ce129b6.jpeg,Stacy Finale Ligure 2.jpg,3146,2221,791.23,true,true,,
med_bd968950a0293c7d4db6e420,000091-27e6655896582c41966827447e513c6bad33da91.jpeg,Frankenjura12.jpg,612,448,2161.74,false,false,gallery-resolution-too-small;hero-resolution-too-small;near-duplicate,
med_bdc9b88ccf1825eb462ebd13,000743-0bd2301198ce062b2fbdac2bfc5bf647477695fa.jpeg,Laszlo Mallorca DWS.JPG,1300,867,3115.21,false,true,hero-resolution-too-small,
med_bdda574d581d36a0d8b67dbc,000519-6f112718fb0be077261af35e7ac5838bb01cf234.jpeg,roca regina[Resolucion de Escritorio].JPG,320,240,1347.61,false,false,gallery-resolution-too-small;hero-resolution-too-small;near-duplicate,
med_bde6689dbdcc67cda49394f2,001420-dab949c6135b62cb36b5dbed6cb3b7aaac6904ac.jpeg,flying in Ceuse.jpg,720,711,1059.9,false,false,gallery-resolution-too-small;hero-resolution-too-small;exact-duplicate,
med_be1d06a813fb02ca8eab3769,001051-5661be8d7fa22c282d9b4b50612a62f914a6ecc0.jpeg,IMG_20190918_131058.jpg,4000,3000,3489.3,true,true,,
med_be224e550db9cd46eb63944b,000866-8107939a8839576a30e198455569384c6c853665.jpeg,KAB_9195_resize (1).jpg,3000,2000,1491.55,true,true,exact-duplicate,
med_be24067894642d9b236dd19c,000511-053bad9388fbf335387e15aa938f016ce25d3477.jpeg,Monserat1.JPG,3000,4000,2171.9,true,true,,
med_be28550834e13d5229abf393,000309-326ec9214fb724530c57228e48f956e151d805bf.jpeg,EdSella4.JPG,2448,3264,1449.63,true,true,,
med_be46e91ce9bdda32daa52d3a,001176-d860f8e65550d84388527532ce571c17773d91b6.jpeg,Ceuse view 2.jpg,4000,2248,128.56,false,false,focus-review;exact-duplicate,
med_be4d100534975255c4b08094,001450-d3e7748b116f94cee7b2843e5ad635cde13ea829.jpeg,1fee08c61d1a952ebf5a1b0fca667b28a943a4ec.jpeg,1024,683,3718.56,false,false,gallery-resolution-too-small;hero-resolution-too-small;near-duplicate,
med_be6cbf8046374606e4231e81,000171-c47241626caf172c6be652eff177c0641855d8e9.jpeg,Klettern-Tarnschlucht1.jpg,75,100,7888.89,false,false,gallery-resolution-too-small;hero-resolution-too-small,
med_beb9fc9aefd3e45c60335ca4,000066-e8daed65e9f954642e0b3d4a3c6906805bbe0e62.jpeg,Jan Labske Udoli.jpg,1469,2224,283.79,false,false,focus-review;hero-resolution-too-small,
med_bec3d68ed0216d2966d8240e,001330-7af26037806dafc88a863be0b665117afb8b5b3e.jpeg,Gorges du Tarn Jany Climbing Trip Europe Gorges du Tarn 2018 rockbusters.net (2).JPG,867,1300,1100.18,false,true,hero-resolution-too-small;exact-duplicate,
med_bee44c8ddc124dc493450e84,000304-0454193c9c01873040ee5c24ac4082a2685979f3.jpeg,jany_Rockbusters_Sella.jpg,206,309,866.82,false,false,gallery-resolution-too-small;hero-resolution-too-small;exact-duplicate,
med_bef0f3cc956c1d313ef22ad6,000828-961931455a3ca0f696b57d15d16ee8de54e576e0.jpeg,Quim Zillertal.jpg,1200,358,1701.05,false,false,gallery-resolution-too-small;hero-resolution-too-small;exact-duplicate,
med_bef7dcd4efd209e5c7413cc6,000006-60311c593ec56139fcaf60c3edf9ff90cefdbaf1.png,Screen shot 2014-07-09 at 3.14.33 PM.png,1364,1050,1155.81,false,true,hero-resolution-too-small,
med_bf03d1cc78fa15ed2a8851c1,000334-0c9a7ce177a007693e05afba9fd65929a207b53b.png,logo dan.png,285,71,38411.61,false,false,gallery-resolution-too-small;hero-resolution-too-small,
med_bf4162ab3d8167480277b969,000979-e56b57582634dffca621701365fa66d34a3427d0.jpeg,Sylvia Europe Trip Zillertal 2019 7a rockbusters.net 3.jpg,351,526,3806.88,false,false,gallery-resolution-too-small;hero-resolution-too-small,
med_bf7c8a53b2de40028c0805fb,000238-f7d1ddec41f86a86c006a2ceb196e06a34103c7f.jpeg,Rodellar 4.JPG,4000,2248,1019.83,true,true,,
med_bf97e6bcf2fcf0da79b41ae3,000231-3fd6873e6c5bb3177c900a761e9b9c1ea53fdcb2.jpeg,Medya Rodellar.jpg,1428,2112,1680.84,false,true,hero-resolution-too-small,
med_bfab34db36d3787b04211b4f,001084-a2afd473e32313a8649c94f80b0444771892d791.jpeg,Bouldering Albarracin,3024,4032,761.93,true,true,near-duplicate;near-duplicate,
med_c0003c1406d2c250dc7b336b,001443-fb3d275dda3823b356e6f460ebcbe2cbf9fdda4a.jpeg,lottery 2.jpg,1488,719,2267.44,false,false,gallery-resolution-too-small;hero-resolution-too-small,
med_c00c900d5a65ceb12fdb3b28,001148-40249d93f1ddad780c84357bd53664cf8048fddd.jpeg,Espadelles Margalef 2018.jpg,1362,910,1508.04,false,true,hero-resolution-too-small;exact-duplicate;near-duplicate;near-duplicate;near-duplicate;near-duplicate;near-duplicate;near-duplicate,
med_c071304c3ca879ee2932a96a,001387-1d32440772bfef53634dc18d689a522d2c19db24.jpeg,"Parque_Nacional_dos_Picos_da_Europa,_Lago_Enol_(23499248762) 1.jpg",960,432,2666.58,false,false,gallery-resolution-too-small;hero-resolution-too-small,
med_c08210a83f2f4f0c9a5ed98e,000940-3fc7648a92ff29c38c21e93c2b6a400e02eb0d0d.jpeg,Riglos.jpg,520,390,1563.51,false,false,gallery-resolution-too-small;hero-resolution-too-small,
med_c0c31d4278c8730dfeb15260,001275-8e371fae20ee99e418c71d1e89d919af530e1564.jpeg,"Rafa, 7b+, somewhere in Catalunya, Patxi Usobiaga Advance Sport Climbing Course rockbusters.net 5.jpg",2865,1910,3295.07,true,true,,
med_c116f26f7dc54132b1a11883,000574-e6a18fe030c55dcf96f5820fc3fe0262ba69e3f4.jpeg,Montgrony panorama.jpg,1600,1065,1958.67,false,true,hero-resolution-too-small,
med_c16cc9237644af53b0b0da57,001017-83cec57092ce5079977f83cb2157a2ae9c4e266c.jpeg,Klemen.jpeg,300,300,382.61,false,false,focus-review;gallery-resolution-too-small;hero-resolution-too-small;near-duplicate;near-duplicate,
med_c19d340f4de6dcfaf9a7dd99,000037-9f9efc6fc17a122ca1399901fd9228fd52dfa28c.jpeg,Ceuse view.jpg,4240,848,479.52,false,true,hero-resolution-too-small;exact-duplicate,
med_c266d87c57fbe52b68798643,001185-7fe33acfdfc110c6b0d7a230b6b7fbc1656e76b3.jpeg,Chulilla.jpg,960,720,809.1,false,false,gallery-resolution-too-small;hero-resolution-too-small,
med_c26f534e7751f475f555d2aa,000080-8f676d8258418bb1fa19a5e69a98ed0034121901.jpeg,pa280150.jpg,624,468,1696.87,false,false,gallery-resolution-too-small;hero-resolution-too-small,
med_c2a7719bbd42b9b14afb79c2,000744-26aa8b0d84de6fbd8c6a191eb94271317a687ef6.jpeg,restday.png,477,60,7781.52,false,false,gallery-resolution-too-small;hero-resolution-too-small,
med_c2c142752d69e8ca2003164c,000190-254f49f9b9d13dbe009e788dfc46c16cb740bdd7.jpeg,Kerstin Margalef 6.jpg,2408,2035,566.59,true,true,,
med_c2e873058ea435027927fd79,000439-3a2c6b9f019a0621e3ecc5055cc951eb19aec9ba.jpeg,ja_hlava.jpg,345,355,240.04,false,false,focus-review;gallery-resolution-too-small;hero-resolution-too-small,
med_c38fa9e166819ad5f831b8ff,000746-a57a51616d73394837875541abea1de0e1de9d3f.jpeg,Patxi Usobiaga training work shop Rockbusters.net (2).jpg,2250,1500,510.63,false,true,hero-resolution-too-small,
med_c3aa2483a602b92151139b8e,001113-62edc325cfef736b16485a654a70ca413132f353.jpeg,Jany Climbing Trip Europe Gorges du Tarn 2018 rockbusters.net (2).JPG,867,1300,1100.18,false,true,hero-resolution-too-small;exact-duplicate,
med_c3f6659eadf0dfe05c822116,001307-b5f54b973f9ef3379e5ead8d08768cf7732eda7e.jpeg,Beginner Learn to Lead in Frankenjura 2021 rockbusters.net_001.jpg,5193,3462,2615.57,true,true,exact-duplicate,
med_c410142febaac81ff0f94a3e,001042-eebf3249f2b6f33ad990494008901714d2360b25.jpeg,Michel.jpeg,500,500,72.37,false,false,focus-review;gallery-resolution-too-small;hero-resolution-too-small;near-duplicate;near-duplicate;near-duplicate,
med_c41bdfddfa2bfdfa40d09c2c,001126-8126ef102b2765e7b8dfb468665091005fc0068a.jpeg,Labske Udoli climbing,4000,2248,1193.85,true,true,,
med_c46c88206126472847610170,001145-0e1e673fbda9a3edc01ecd57cbf5e240dcbfdc9a.jpeg,Espadelles Margalef 2018.jpg,1362,910,1508.04,false,true,hero-resolution-too-small;exact-duplicate;near-duplicate;near-duplicate;near-duplicate;near-duplicate;near-duplicate;near-duplicate,
med_c48a08301c504394276a570c,000377-a9e21b14747f2d5a94a91a6055fa625a08702e5a.jpeg,cuenca city2.jpg,800,600,1196.68,false,false,gallery-resolution-too-small;hero-resolution-too-small,
med_c50ce16c63d808aea482577d,000148-a411790e54f09905f13294cf32f0972c5cd07745.jpeg,Hege Gorges du Tarn 4.jpg,804,1483,2314.91,false,true,hero-resolution-too-small,
med_c55858765c5459a69d6f4587,000336-5052034b600e1b94388b2e1097e714b3636f39e4.jpeg,trtik.jpg,361,138,3636.34,false,false,gallery-resolution-too-small;hero-resolution-too-small,
med_c5e5f4350d29e944499e29db,000896-2924271ab24ce4802ad500ad04094bae714ef6ab.jpeg,climbing-with-adam-ondra-matt-groom-s-vlog-from-margalef_3.jpg,1936,1291,3995.5,false,true,hero-resolution-too-small;near-duplicate;near-duplicate;near-duplicate,
med_c60a978ce009630b08bcb8a4,000774-8babd9560594bfab8eb47b784159a7d269f2c3b1.png,banner pagina3 (1).png,1676,658,14353.71,false,false,gallery-resolution-too-small;hero-resolution-too-small,
med_c611a261ca16f48e8282525b,000939-4780dbd5d01082b75696b5e27fd17ae38a462d2a.jpeg,Maja Jonjic.jpg,293,282,597.47,false,false,gallery-resolution-too-small;hero-resolution-too-small;near-duplicate;near-duplicate;near-duplicate,
med_c63eb9751e8d52888b7bc385,001143-0766916ec3356cb8f8ece9c4c2d5b736d0fbed9e.jpeg,Espadelles Margalef 2018.jpg,1362,910,1508.04,false,true,hero-resolution-too-small;exact-duplicate;near-duplicate;near-duplicate;near-duplicate;near-duplicate;near-duplicate;near-duplicate,
med_c66c7bd778186c238ff729f6,000980-2625e8880c94b0523fe4bfdac2863c27ebd12bb9.jpeg,zbynek-europe-trip-2019-zillertal.JPG,669,446,1835.13,false,false,gallery-resolution-too-small;hero-resolution-too-small,
med_c6b3651ac7a7cad89d01f419,000225-4dc85f1a7aaff522b3b945595c9d7ca7c3503851.jpeg,Laszlo Rodellar 3.JPG,4000,2248,3168.14,true,true,,
med_c6e18723f38ca40588b0225e,000989-7d8e91525d27000056b9141c2916f2ce4df892f4.jpeg,hazel findlay.jpg,1079,1079,1021.35,false,false,gallery-resolution-too-small;hero-resolution-too-small;near-duplicate;near-duplicate,
med_c744ba9a5b49eb5de0d65b98,001099-1a2fa088406c8774184e271f4e68dbf6c7ff8122.jpeg,Minoru Finale Ligure 3_001.jpg,1537,3124,1193.1,true,true,near-duplicate,
med_c8547d664a187aedccb5e2c1,000249-d1e130eb7f1828bc148ea104ba4f3b5d8deb123b.jpeg,Shelly Rodellar.jpg,1547,3407,1361.06,true,true,,
med_c8a7491c6561088d863043e8,000778-af0efc30e4c573faffbd56ee041f4785681b5247.jpeg,Daila Ojeda detail 1.jpg,529,397,1014.88,false,false,gallery-resolution-too-small;hero-resolution-too-small,
med_c8bdf32f90e69f58da770b86,000466-60eccc3ee74ce061ef70fde198a80b8f3e1ef449.jpeg,collegats Descenso de la vía Sang de crack en el circo del Pesso.JPG,4608,3456,1431.98,true,true,,
med_c8d7a09db2d267fdcd5ec748,001346-f29390ad03c9502df75ba61928b1262ae6125971.jpeg,climbing-hvar-coaching-cave.jpg,1500,1000,2148.76,false,true,hero-resolution-too-small;exact-duplicate,
med_c8e1dc3c87088503def91ff3,000259-249734d39c326056b8d5e8c2e233dbeb14e417bc.jpeg,Doke_Rockbusters_Rodellar.jpg,650,960,1857.6,false,false,gallery-resolution-too-small;hero-resolution-too-small;exact-duplicate,
med_c8f1bcc7ad8bc280421f5fe4,000719-8e2c4647e54b813149b0c84eaf61d295256921e5.png,climb_bnb_logo_transparent.png,1949,1800,36876.83,false,true,hero-resolution-too-small,
med_c9081580e063b8b194a6883e,000118-5e04bfc2d373031067b244a55c61e0357123a9e1.jpeg,Doug Finale Ligure.jpg,3393,2248,741.85,true,true,,
med_c94c0ac834dd3f41d884539c,000083-ec1f6380c2fa54d51887794abcf17b6b9ab75b6d.jpeg,Frankenjura.jpg,580,435,2242.9,false,false,gallery-resolution-too-small;hero-resolution-too-small;near-duplicate,
med_c9616a4c0a4b53124f58b252,001194-8b859da8ab9e7a0e558ab2664644fbb4994e3867.jpeg,Durance valley.jpg,1200,801,2227.88,false,true,hero-resolution-too-small,
med_c9daeaca07a5ac80c30f544a,000934-f0d6c55c36aaf08171ab3b20cb2ee7d3d9ed06c3.jpeg,Klemen Becan facebook.jpg,1600,900,3968.98,false,true,hero-resolution-too-small,
med_ca272b0c9ed94b769dee4784,000526-12dd04ea597429b27f012a65775369a2d1a2d04e.jpeg,vilanova de meia wild planet [1024x768].JPG,480,640,3518.73,false,false,gallery-resolution-too-small;hero-resolution-too-small,
med_ca449dbc1f88b65afa62a46a,000661-debb680014007b582a8f3a3ce4a567b0fb69ec0d.jpeg,Daila Ojeda coaching.jpg,1300,1938,5190.61,false,true,hero-resolution-too-small,
med_ca504d3301550e47a03d5c6b,000114-f78173ff246ecd1f22ad8a5802ee31183a15a59e.jpeg,Zillertal7.jpg,500,334,1708.94,false,false,gallery-resolution-too-small;hero-resolution-too-small,
med_caa563aec07f75a5b8ed2f0d,001060-6581d59ce89286f0875d567d4c07a7fea9218485.jpeg,IMG_20191014_115530.jpg,1200,1600,4120.86,false,true,hero-resolution-too-small,
med_cae6e5dee7a79bf45f71dc79,000209-071d4a2ab821f2b6137daae73a1f7a922bea2f31.jpeg,Zach Margalef 7.jpg,2599,2052,404.02,true,true,exact-duplicate,
med_caf46da0ec716508570b478e,000694-9be637807114be311d07b80a4c1a981f4ae15c45.jpeg,Regina Oltre Finale.jpg,1300,867,647.26,false,true,hero-resolution-too-small,
med_cb619c0446b9a16bd56eaa25,000457-656e721ec13ce96189ac5d50d33675dccbc6ed20.jpeg,hypnos screw.jpg,304,267,3452.05,false,false,gallery-resolution-too-small;hero-resolution-too-small,
med_cbc554af99d5c27a723ee808,001401-4f537194f1f3d99b2fcc5c1e246a9fe1a879ea3b.jpeg,El Chorro Rock Climbing Guidebook.jpg,400,572,5502.39,false,false,gallery-resolution-too-small;hero-resolution-too-small,
med_cbd8f3a91e08feca2158f122,000853-6bbdff5d3d293957730f1e88b5c0182c85f5ce85.png,Screen Shot 2018-02-28 at 13.51.32.png,998,682,2619.47,false,false,gallery-resolution-too-small;hero-resolution-too-small;exact-duplicate;near-duplicate,
med_cc4a1a0868e88de5c129a314,001234-aa82d66e040b2f8c63e877d771f2d7eaf3ef15b9.jpeg,jany_palice1.jpg,931,931,991.02,false,false,gallery-resolution-too-small;hero-resolution-too-small;near-duplicate,
med_ccabaa9cdbf0aa37432ad59d,000494-c7a95f7a53c151dd30302fb0c8a76ad787ba01da.jpeg,Mont-rebei2.JPG,3072,2304,2874.11,true,true,,
med_ccbf00b84ebbf1dac9ee664a,000953-e24ec7fdcddffe157b7feae3ee0113b41b71aed7.jpeg,ullassai_panorama_jannovakphotography-2.jpg,1493,588,2216.14,false,false,gallery-resolution-too-small;hero-resolution-too-small,
med_ccc6af12fc935fb44ebe27b2,001343-ba7c2a866465b0dc0d6b7f93f5e4dbbd953b73af.jpeg,Linda Nido Amoroso 7b+ Sella Wildside 2023 rockbusters.net (26).JPG,1505,847,1729.93,false,true,hero-resolution-too-small;exact-duplicate;near-duplicate,
med_ccd61f983e50b0b039128fcb,000895-c8d0207974fa0a41b7a7b3ee4d7595d14870026f.jpeg,climbing-with-adam-ondra-matt-groom-s-vlog-from-margalef_3.jpg,1936,1291,3995.5,false,true,hero-resolution-too-small;exact-duplicate;near-duplicate;near-duplicate;near-duplicate,
med_cd2becc055fc261d33610a37,000345-711f02d82a27fabd6593a9fe0341bacafeb3547d.jpeg,albarracin janek3.jpg,800,534,265.52,false,false,focus-review;gallery-resolution-too-small;hero-resolution-too-small,
med_cd870097310b831dc6f052c6,000446-b080bd0a4f226eb59291af26b70c66b35972dd8e.jpeg,icon 9.3 dry.jpg,304,267,1216.77,false,false,gallery-resolution-too-small;hero-resolution-too-small,
med_cd9c7ddf5df5c734a064f0bf,000347-194f809091702042c5f3f24e096e30eaa6b05e1c.jpeg,albarracin janke.jpg,800,1200,750.53,false,true,hero-resolution-too-small,
med_cdffd1707773e44e1d498f26,000236-f13d2a1bf2e07dfdf88019d6249df944963284e1.jpeg,Rodellar 2.JPG,4000,2248,749.98,true,true,exact-duplicate,
med_ce20c847718a4e45ae801631,001015-c534e0d66f976867567ca77597c91fecf52eafab.jpeg,Pablo.jpeg,114,114,837.9,false,false,gallery-resolution-too-small;hero-resolution-too-small;near-duplicate;near-duplicate;near-duplicate,
med_ce64795d9faed64eddeec5d2,001202-9951f3de8764c96fe649f91a27029094775f1a6c.png,CPT.Bold.White.png,995,1220,67175.43,false,true,hero-resolution-too-small,
med_cec7f316c86d94a8dbe25049,001184-5624db637cd5b76f3d8e43072b7ca91f178ed171.jpeg,Chamonix_001.jpg,3880,2600,1896.33,true,true,,
med_ceddae9b26d1fa936c109777,001276-05e677732f391355ce62830b7aa1b8b2d8feaf95.jpeg,"Rafa, 7b+, somewhere in Catalunya, Patxi Usobiaga Advance Sport Climbing Course rockbusters.net 6.jpg",2460,1640,2444.52,true,true,,
med_cf114b9b3cff5a9ac411aac0,001130-1292f0dedcc5dc06f9a127d164739d8bf43a9829.jpeg,Labske Udoli climbing,1205,1805,2755.59,false,true,hero-resolution-too-small,
med_cf298044fbb79cc32150f87a,000860-09f5cc09bb3221e836eb3df3cbba2c4619bac15f.png,Screen Shot 2018-03-07 at 20.28.51.png,1201,751,1500.01,false,false,gallery-resolution-too-small;hero-resolution-too-small;exact-duplicate,
med_cf5176d49817f2afa60b1d14,000373-145c3f5bc65d07598cd331f461694f45f257656a.jpeg,cuenca 3.jpg,800,1067,1528.39,false,false,gallery-resolution-too-small;hero-resolution-too-small,
med_cf5f9037b9cfb2d56b819b3e,000261-c40905d703b467e08179bd1976bd317cc558205c.jpeg,DSC_0699.JPG,3008,2000,904.65,true,true,,
med_cf66fa313be753d2d89f08ba,000991-3ef1abeedffaef9f594e186eb0f5cfa1af1f7060.jpeg,klemen-becan.jpg,1067,1067,534.15,false,false,gallery-resolution-too-small;hero-resolution-too-small;near-duplicate;near-duplicate,
med_cf80eb71c557393d8908e0a4,001069-b3d20bf4eca3b45ece50827d3739043abcb2a82c.jpeg,Daniel Rodellar rockbusters.net 2.jpg,4588,3059,2491.12,true,true,exact-duplicate,
med_cf8eff4c41729c6157c16d9d,000520-47d255919e1902223f28bec49d815ac9b648a72c.jpeg,roca regina2.JPG,3000,4000,705.02,true,true,,
med_cfbd3f1aa8e166ef37a9f75b,000874-daef3e78db34bca986e6fd8449f0de40c446487f.jpeg,patxi.jpg,1410,783,2264.66,false,false,gallery-resolution-too-small;hero-resolution-too-small;exact-duplicate,
med_cfde64a45fe78c3c167508b4,001451-68e41686bf89a4cc6bf641aef81f01caee58de34.jpeg,"Jany, Espolon de las Ranas, 7c+, title.jpg",853,518,2162.48,false,false,gallery-resolution-too-small;hero-resolution-too-small;exact-duplicate,
med_cff364472956ba76467b4024,001155-d26192e902ccc48dac6168a76ac422ca24ed4a65.jpeg,RB web_Euro trip 2020_main_1362x910_v01.jpg,1362,910,2320,false,true,hero-resolution-too-small;exact-duplicate,
med_d02b53c7cf8dd9a68a0cfc97,000322-92b4e33e713354012cb9fe2e23b66df1b196c032.jpeg,albarracin12.JPG,2672,4000,1212.75,true,true,,
med_d0517912333d6c625ae5028d,000776-32913b4cd1a653db1ce10cc440a6e7265e3f561b.jpeg,KAB_9000_resize.jpg,3000,1688,2018.64,true,true,,
med_d08eb6c2f67a02463099c83d,001198-ca7a517c92fc845fec2e5f6c14f06a1060545766.jpeg,riglos.jpg,1024,525,1232.39,false,false,gallery-resolution-too-small;hero-resolution-too-small,
med_d0a152da81a98d1893c39229,000890-130119d006a3d685ebad8c385e17517719b0f0db.png,Screen Shot 2018-04-14 at 00.21.45.png,1394,766,896.33,false,false,gallery-resolution-too-small;hero-resolution-too-small;exact-duplicate,
med_d0a9ff87a761d58e7a795f3f,000795-046ba99c54620c49ecab3cdbeffbdd19a8369659.jpeg,bouldering Albarracin 3.jpg,3976,1186,930.85,false,true,hero-resolution-too-small;exact-duplicate,
med_d10ce46a0f0021a968ea96ec,001328-6309f8b19055e2eb182448428c7484ee29d130f8.jpeg,0728-downtown-0401.jpg,3000,2001,1228.55,true,true,exact-duplicate,
med_d130db9fbd9d07c70df849cf,001279-581093ef849308daa82658287924f02947871bd9.png,one-percent-for-the-planet-vector-logo.png,900,500,1408.21,false,false,gallery-resolution-too-small;hero-resolution-too-small,
med_d1978510021e9b45c2bb10a8,001141-6a808d189b0e7a6b7e276ec13afbcd2539de225d.jpeg,Espadelles Margalef 2018.jpg,1362,910,1508.04,false,true,hero-resolution-too-small;exact-duplicate;near-duplicate;near-duplicate;near-duplicate;near-duplicate;near-duplicate;near-duplicate,
med_d1e1a85747dbe5a74d9a1ff7,001053-14323746a666b425119e1a5119f0a63feee066ab.jpeg,IMG_20191005_145645.jpg,4000,3000,1933.71,true,true,exact-duplicate,
med_d1e285532d898c26f9173b4f,001169-272b7466e711065e9f8788a2de03f29fabadd6d0.png,logo bureau moniteurs cevennes.png,753,753,9800.45,false,false,gallery-resolution-too-small;hero-resolution-too-small;near-duplicate,
med_d28f0871fbb497e96b0fee03,000125-facd97bf1dd6dd5a04a3f042a2056173f5910228.jpeg,Kim Finale Ligure 5.jpg,4000,2248,640.57,true,true,,
med_d293550eb0410125fb6303a0,001199-308aa3a4ed677336f638819e526f880fa87e2b11.jpeg,riglos.jpg,1024,525,1232.39,false,false,gallery-resolution-too-small;hero-resolution-too-small;exact-duplicate,
med_d2d5f661678b315f9597b215,000537-51b5c5c00594feeb4c3bf0ca0f8bdb2ef8317b40.jpeg,trad multi pitch3.JPG,4608,3456,3517.03,true,true,,
med_d3212ee235ca7e9c29af4f89,001342-b86b85c784521b5fcf40ddddf2c2d6f927a846bd.jpeg,Linda Nido Amoroso 7b+ Sella Wildside 2023 rockbusters.net (26).JPG,1505,847,1729.93,false,true,hero-resolution-too-small;exact-duplicate;near-duplicate,
med_d35d9ba1ebe99ce5e83fecb6,000578-8f35aa2f9100a92f213cbaf48565d091de18607c.jpeg,Doug Finale Ligure 2.jpg,3370,1990,1346.94,true,true,exact-duplicate,
med_d36e134661d026e620011134,001392-338147a520d5c07522c3980bd60b2819c2005bae.jpeg,DSC08479.JPG,2100,1400,2112.03,false,true,hero-resolution-too-small;exact-duplicate,
med_d3a9701e7c2396e62dfe8d20,001290-067d7883ebb9694c3ee327118933b2cf599a5c87.jpeg,Beginner Learn to Lead in Frankenjura 2021 rockbusters.net_001.jpg,5193,3462,2615.57,true,true,exact-duplicate,
med_d3b707b7186c81252235ab47,000819-7fd0d42ed648eba03f065b45e508053dc1bc3411.jpeg,Jany Terradets.jpg,1200,358,906.26,false,false,gallery-resolution-too-small;hero-resolution-too-small,
med_d40714d1646f502f2f722efc,000988-4896f893b717534c2609158cbd3509969f25ad7b.jpeg,adam ondra profil.jpg,1424,1424,446.24,false,true,hero-resolution-too-small;exact-duplicate;near-duplicate;near-duplicate,
med_d42e3f67d65be5cb4bcec96b,000974-8f97053d872f65f7f67022fd96e54b189edaa548.jpeg,Zillertal-Tyrol-Austria-Ginzling-Dream-Day-2413459.jpg,960,625,999.99,false,false,gallery-resolution-too-small;hero-resolution-too-small,
med_d44483429dd0640d16e2f665,000804-e8bb21b4eaee41ea3a2784bee05ef9c9444918a0.jpeg,Ishan Gorges du Tarn www.rockbusters.net (2).jpg,1294,386,1287.13,false,false,gallery-resolution-too-small;hero-resolution-too-small;exact-duplicate,
med_d4b5add21e8113d9757652cb,001124-1585ac12c6a6ac02a11c4cb38636f4bb3445e2ef.jpeg,Labske Udoli climbing,3034,1534,1138.91,true,true,exact-duplicate,
med_d4beabb51661d1fbcb55a23b,000883-23d1287ee3f5800850449006f508289a057d9ce2.png,Screen Shot 2018-04-11 at 10.24.06.png,1137,647,1331.98,false,false,gallery-resolution-too-small;hero-resolution-too-small;exact-duplicate,
med_d4c7c63e55de0d8a3e818905,000297-ffe591d2b9705760893b46e130ed30bfa427a48f.jpeg,IMG_8860_1.jpg,2592,1728,1845.2,true,true,,
med_d512caaf4889c910487f70fb,000627-b3fb867cbcdcf06d6c506f37c439a5bc5c88e99d.jpeg,lets rock black JPG.jpg,1474,709,5397.02,false,false,gallery-resolution-too-small;hero-resolution-too-small,
med_d5572a05c172414482911d4e,000972-e1b826f71711947b410aa64d6e30d8641044af0b.jpeg,IMG_2671 copy.JPG,1350,900,2326.49,false,true,hero-resolution-too-small;exact-duplicate,
med_d5859128c56da9c1455d80fe,000913-7c18660365729613d02e804d2dd3b5fe513c18e7.jpeg,"Jany, Chamonix, Aiguille du Midi, Contamine 7a+, rockbusters.net 1.JPG",3264,2448,1008.34,true,true,,
med_d58a9d8d777743e6567fdadd,000665-f1a692b2eabbcf078cf7acb159bc0674c7c0fc5f.jpeg,Jany Ceuse (3).jpg,1300,867,144.71,false,false,focus-review;hero-resolution-too-small;exact-duplicate,
med_d58e5f1ed61137bb5669ca85,001315-aa05e0cfb2f390aa7310a0b96579eed524672302.jpeg,miha.jpg,534,534,1050.57,false,false,gallery-resolution-too-small;hero-resolution-too-small,
med_d5a0eda32f78b78629ff4181,000888-734e8c7a17e93426560b30553c21401dd304c78d.png,Screen Shot 2018-04-14 at 00.21.45.png,1394,766,896.33,false,false,gallery-resolution-too-small;hero-resolution-too-small;exact-duplicate,
med_d5a5baffe6414568f5c60620,001195-f8ef6d654ef6ad1944e9d640c1e0286db9451325.jpeg,ardeche.jpg,960,720,1621.34,false,false,gallery-resolution-too-small;hero-resolution-too-small,
med_d5ccfdbd7982862ffba294ce,000809-752724b79d784114752632863040049068164c61.jpeg,Erin default 1.jpg,1200,357,2426.78,false,false,gallery-resolution-too-small;hero-resolution-too-small;exact-duplicate,
med_d5d265b3639e5eda8c2a446f,000800-adecfce8ae5d61c6e9c1e2300c2843f1b3b1b87a.jpeg,ed margalef.jpg,960,286,1796.55,false,false,gallery-resolution-too-small;hero-resolution-too-small;exact-duplicate,
med_d5fbdb41a098850cc3f2372f,000824-7f8757abe1cc049710ec6af116f3a4a4cc5a187f.jpeg,Patxi Margalef.jpg,1200,358,5630.88,false,false,gallery-resolution-too-small;hero-resolution-too-small,
med_d668f2d688988db148f25870,000921-9033706dccbe64bbc4bb01fe06abf6bb5f052a4d.jpeg,"Klemen Becan, Camino, 7a, Rodellar, rockbusters.net Europe Trip Promo1200x628 resized.jpg",1200,629,5306.7,false,false,gallery-resolution-too-small;hero-resolution-too-small,
med_d6aa5cecf24fd36c04cc23e2,000427-4a0677834bdbb4221c1c1c30401120318bb67605.jpeg,el chorro3.jpg,800,600,2773.45,false,false,gallery-resolution-too-small;hero-resolution-too-small,
med_d718d252faa8e8235614a0cf,000496-84bd87dbe21c1975a715e3a0d60f728313d00ec7.jpeg,Mont-rebei3.JPG,3072,2304,2571.89,true,true,exact-duplicate,
med_d7f6820d0cd2406d40e03101,001380-36778ba88027bf6d2267549682cd691ef6aeb3e1.jpeg,_DSC9630_1800-2.jpg,1800,1440,3817.87,false,true,hero-resolution-too-small,
med_d83a00b517ea51e72cc97f76,001059-b72992e5412f64763b00cda5e31535b395267d53.jpeg,IMG_20191014_112534.jpg,1200,1600,3493.34,false,true,hero-resolution-too-small,
med_d84b6aef8c0aa5255d878c9c,000589-700bb31262991fff963a83d3922d1aaf68b7f919.jpeg,Group-Sella-ClimbingSpain2016-Rockbusters.net.jpg,4000,2248,1079.13,true,true,,
med_d8aba0ed56161d2449a2e007,000993-6f589c12e2806c0cb40bdfa353f02f9d5a8ec151.jpeg,Linda.jpg,638,638,1260.8,false,false,gallery-resolution-too-small;hero-resolution-too-small;near-duplicate;near-duplicate,
med_d91433ea67dcf8a602fa0cfd,001207-220da6295a0f4c5900ce1a76748d368409ef347f.png,ChM_ikonky II_1.png,591,591,4463.59,false,false,gallery-resolution-too-small;hero-resolution-too-small,
med_d916a94f57b7139861e24f74,000497-54652cfeba27ecdafc483503b451590d36876387.jpeg,Mont-rebei3.JPG,3072,2304,2571.89,true,true,exact-duplicate,
med_d928dc15921d36fcee6fd388,000607-715d91f1081c481ff5d6426311682f03b1082d7a.jpeg,Phalyn Siurana 2016 Spain.jpg,1814,2772,924.01,true,true,,
med_d96caee8b6e129f31657b938,001206-0b136ac7322c58f17c13d2fef8198d9c1b2fb352.png,144083495_195683862292164_415368874430554247_n.png,995,1220,298.48,false,false,focus-review;hero-resolution-too-small;near-duplicate;near-duplicate;near-duplicate,
med_d97a7465b8ad29072315220c,001456-82d4d7f1424d01774d2510fe53e7951198f4a08e.jpeg,DSC01768.JPG,1305,870,1652.81,false,true,hero-resolution-too-small;exact-duplicate,
med_d97d070394251ed4150d3c0b,000931-35432657ad28e8c1c20738251e60813946d82b16.jpeg,Isa Rodellar rockbusters.net Europe Trip 2018 offer.jpg,2100,1400,3958.3,false,true,hero-resolution-too-small;exact-duplicate,
med_d9da35c7d46a4c4a3b56e97b,000112-7a3d4a859bae053b04cd89b25c5f285a571910bd.jpeg,Zillertal5.jpg,100,67,6332.17,false,false,gallery-resolution-too-small;hero-resolution-too-small,
med_d9ea6f956ea88ae80d0e7d16,000221-0c0e01af926ff4f4212e82a1fbd508df7f4cb571.jpeg,rockbusters margalef.jpg,960,640,1774.53,false,false,gallery-resolution-too-small;hero-resolution-too-small,
med_d9edd9747f4d8a476694409c,001385-41b8b3166aca25bf74f6b96fe153435bab7ebec8.jpeg,Jose Luis Palao Lacalle.jpg,1530,2048,200.75,false,false,focus-review;hero-resolution-too-small,
med_da053c033b59cb8993b933dd,001394-58736a764227b82a1861e2c1b11e6f0f017018d3.jpeg,DSC08561.JPG,1936,1290,1950.27,false,true,hero-resolution-too-small,
med_da4c5b1a45d28e17540432f7,000166-3f080c1e9deaec0b40f55fc280f9f25eb82f4231.jpeg,Ray Gorges du Tarn 1.jpg,4000,2248,966.78,true,true,,
med_dacd3796c093c5a34d109ad6,001358-796515d2d2c2288b827b068094dcc9c78ac54f65.jpeg,DSC03711.JPG,1943,1295,1528.36,false,true,hero-resolution-too-small;exact-duplicate;near-duplicate;near-duplicate;near-duplicate,
med_db95a988a59886980d331e64,000631-cdcacb1012ecb6471ea4cefb3b03b7b0a8a649f0.jpeg,Daila Ojeda Verdon 4.jpg,1600,1067,984.21,false,true,hero-resolution-too-small,
med_dbac755f7380e2e3aaa1d4c6,000250-e2d33b541f8f1c33bc0df46ac06dc041afebf54c.jpeg,Zoli Rodellar 1.JPG,2248,4000,1483.58,true,true,,
med_dca7330e713c597f03a3c540,000946-4c885f2febaf703c013376b741b7e5d813fe1ee6.jpeg,Daila Ojeda facebook.jpg,640,352,2999.7,false,false,gallery-resolution-too-small;hero-resolution-too-small,
med_dca79494d5736801434876bf,001393-297783ff6edf827af12460f305cd392964bfed64.jpeg,parque-nacional-sierra-nevada-granda-s1118762780.jpg,1110,468,3297.39,false,false,gallery-resolution-too-small;hero-resolution-too-small,
med_dd1b0b68609432c1af14a508,001022-80eb8a441193073fcbcf154b8959e399a41711ce.jpeg,Pablo.jpeg,300,300,51.52,false,false,focus-review;gallery-resolution-too-small;hero-resolution-too-small;near-duplicate;near-duplicate;near-duplicate,
med_dd3732d14041fbe74868ab8a,001256-b63f52e27dbd92b68c11dc73a4cefa5e993a03fb.jpeg,"Carlos, 6b, somewhere in Catalunya, Patxi Usobiaga Advance Sport Climbing Course rockbusters.net.jpg",4639,3093,3311.29,true,true,,
med_dd7714569ba9fc16659ff2b5,000916-07c61c833a5eed966f864290743e7f820919f01b.jpeg,"Linda, Chamonix, Aiguille du Midi, Contamine 7a+, rockbusters.net (2).jpg",816,612,646.18,false,false,gallery-resolution-too-small;hero-resolution-too-small,
med_dd795a20f3e2b502a30fbc4e,000055-98a4546dee8fcbeba0003f37b37bcef4249def3c.jpeg,Ceuse_VagabonddOccident_2_FR_3.jpg,263,390,2354.24,false,false,gallery-resolution-too-small;hero-resolution-too-small,
med_dd8582bbb7cde7bd862c34c8,000092-e485089f29407ec21e3008fba55f91fb0244e774.jpeg,Frankenjura13.jpg,612,448,3415.79,false,false,gallery-resolution-too-small;hero-resolution-too-small,
med_dd9135ee01254252ee6429da,000244-c1a78747927eeaa7597575ea57e9cffed674ed86.jpeg,Shawn Rodellar.jpg,2873,2079,1807.83,true,true,,
med_ddf096737f753f171a067dc2,001361-67f581b4811d553d021d115056cd75d02c2dc0c6.png,20240309_175803(1).png,1268,708,1152.48,false,false,gallery-resolution-too-small;hero-resolution-too-small,
med_de18c31b4aa84adeb9c98b54,000408-2cd815be4bcf69d97ea3a9fe332a6e6fb9f32019.jpeg,blin.jpg,720,960,1829.05,false,false,gallery-resolution-too-small;hero-resolution-too-small,
med_de1a3e917e67e628f3a75d87,000085-7843a0deaa7201b080a1e284861a90742a959478.jpeg,Frankenjura03.jpg,612,448,5452.42,false,false,gallery-resolution-too-small;hero-resolution-too-small;near-duplicate,
med_de51dc025e61f4dfb1c49ea6,000602-4fe0c2726cfdb331037f5d36c2471acf9887759c.jpeg,L´Herbolari Siurana_ Spanish Climbing Trip 2016.jpg,2600,3880,2212.82,true,true,,
med_de58b8826bf02b0c5b16d607,001146-3abdfc7be8b1cb295194f2cc92f431234e9fa39d.jpeg,Espadelles Margalef 2018.jpg,1362,910,1508.04,false,true,hero-resolution-too-small;exact-duplicate;near-duplicate;near-duplicate;near-duplicate;near-duplicate;near-duplicate;near-duplicate,
med_de63d41dfc793e6f81456629,001021-8f93e1879c968a12f35e0ca34249d6b3cd354e36.jpeg,Michel.jpeg,300,300,83.78,false,false,focus-review;gallery-resolution-too-small;hero-resolution-too-small;near-duplicate;near-duplicate;near-duplicate,
med_de796ceac455169a5a103964,000944-9f1aa1d8701efdd0816da8ce3c4e4f0f600aa1af.jpeg,beginner learn to lead sella.jpg,1200,659,4063.06,false,false,gallery-resolution-too-small;hero-resolution-too-small,
med_dea31bf8d7674e3443b8f2ea,000668-2c2af37a6144c19a00fd29713df3c8878b5b6ac7.jpeg,Jany Ceuse.jpg,1300,1950,1429.87,false,true,hero-resolution-too-small,
med_deb4b0c1733ec34c04ea1d53,000159-ec16d43b7cd07d387e8e6a23d23c1d74ea5aad33.jpeg,Jeff Gorges du Tarn 3.jpg,864,1811,3024.5,false,true,hero-resolution-too-small,
med_deb7b1433ef0af9cbe5e8fda,000757-557d2b05451b48dec77cbba889a0649c17fba7a2.jpeg,Andreas Adam Ondra & Patxi Usobiaga work shop Rockbusters.net (3).jpg,1000,1500,2760.72,false,true,hero-resolution-too-small,
med_df73fc39f10a594e87c69343,001209-00318c387650122ae0df28b1255a798b37259961.jpeg,Ceuse view 2.jpg,4000,2248,128.56,false,false,focus-review;exact-duplicate,
med_df89cbfd124ab84698e35354,001302-d6948be17733cda3e66555206daae6b1bfab3a6b.jpeg,Beginner Learn to Lead in Frankenjura 2021 rockbusters.net_001.jpg,5193,3462,2615.57,true,true,exact-duplicate,
med_dfe628b99bd8670b46b3f043,000764-6b52e695a16f81760706a985e3738b9be9b33471.jpeg,team-daila-ojeda-climbing gran canaria.jpg,995,560,2109.27,false,false,gallery-resolution-too-small;hero-resolution-too-small,
med_dff7a23ea60a19a26a32958f,000199-9d124b3e2ee48c53cfd3aa96369b6d9711f871ee.jpeg,Mike Margalef 3.jpg,2048,2243,952.51,false,true,hero-resolution-too-small,
med_e0215b50b14ead3b4de7dc0f,000109-bb79d85003d1c7d4ad6a3bb530fadf0d4fad0a10.jpeg,Zillertal2.jpg,100,66,7128.56,false,false,gallery-resolution-too-small;hero-resolution-too-small,
med_e041e93bb30994520c9f9cb2,000078-d7f42ee743e4c36e6813c0c187cd2128bdfe74e4.jpeg,labske piskovce.jpg,400,434,1219.93,false,false,gallery-resolution-too-small;hero-resolution-too-small,
med_e0716a357a7d5035ff733c37,001032-730dfc9fc908e8b061d05b1159e8bcb3bccf14e4.jpeg,Peava.jpeg,500,500,1351.65,false,false,gallery-resolution-too-small;hero-resolution-too-small;near-duplicate;near-duplicate;near-duplicate;near-duplicate,
med_e09ace47a2c763028c00bbc6,000961-3af252f4c3db72ad895ddcae462d0673e5106065.jpeg,IMG_1192 copy.JPG,1350,900,1587.6,false,true,hero-resolution-too-small,
med_e0aa1762011dcb340c875538,001442-833ede48131971edc66aafaff4fb1d669d1f8be5.jpeg,lottery 2.jpg,1488,719,2267.44,false,false,gallery-resolution-too-small;hero-resolution-too-small;exact-duplicate,
med_e0d1aaf29e8c22a9b9a52b25,000252-a57d80d7f4c21cec2159a42232993c98c1b59089.jpeg,_DSF6875.JPG,3000,4000,1889.42,true,true,,
med_e11ae8457a5738cc1cc917eb,001041-a9b4fcee764e0b3128ccdedceb9691b704b4c518.jpeg,Klemen.jpeg,500,500,288.1,false,false,focus-review;gallery-resolution-too-small;hero-resolution-too-small;near-duplicate;near-duplicate,
med_e134335a74e9e2bc8c1f5c64,000484-baf4a0e250654ccbec6d92a6340d12224844054b.jpeg,Mont-rebei Panorámica de la pared de Cataluña en Monrebei.JPG,4000,3000,1454.88,true,true,,
med_e18d91645feaf27b2c923a36,001002-00e7ced7b53f6af07ea22b71fc61b642bfb054bb.jpeg,thumb_652_avatar_big.jpeg,300,300,548.65,false,false,gallery-resolution-too-small;hero-resolution-too-small;near-duplicate,
med_e196a4420b27cfff0ac19518,001340-60af2633e0e3d48f4edd2b28c2acd7a6b2a77cdc.jpeg,Linda Nido Amoroso 7b+ Sella Wildside 2023 rockbusters.net (26).JPG,1505,847,1729.93,false,true,hero-resolution-too-small;exact-duplicate;near-duplicate,
med_e1bf1946636211d8451ee8bc,000255-0bb18bce098b431190882ef8bab14ba75e61de73.jpeg,clients_Rockbusters_CeskyRaj.jpg,274,206,646.3,false,false,gallery-resolution-too-small;hero-resolution-too-small,
med_e1c4e89885048ab83efe160e,000286-309cb7811163f29b4454e90a5e53cd11878d566f.jpeg,DSC_0259_edited-1.jpg,1963,2823,2334.58,true,true,,
med_e1d7f406114eaded9abcbbf1,000965-de151908326ca267058ee73ffd9a905fcc183698.jpeg,IMG_1387 copy.JPG,1350,900,1221.78,false,true,hero-resolution-too-small;exact-duplicate,
med_e1f2fcb43ae1d8cfd770f716,000313-5e2b54fe04c79f56c5a0f32f08b8f0dd3dbeb858.jpeg,albarracin3.JPG,3024,4032,757.25,true,true,near-duplicate;near-duplicate,
med_e1fecfb61b1489a8ddc6f4b5,000076-dc61c4d3ac9523fb58a70526d710ec02cbab915c.jpeg,017302.jpg,544,273,1305.9,false,false,gallery-resolution-too-small;hero-resolution-too-small,
med_e22eb5ca515bdd7242f1e025,001229-845c6fcd26217dc1cab8015528ac67d9a5390494.jpeg,22690231_10214262100044800_1382177898_o.jpg,1200,800,1712.16,false,true,hero-resolution-too-small;exact-duplicate,
med_e2545b9d32c13f8bd2aa2c05,000617-53f5aa60db95a70a0d6dfb6a262a51d15b1e0f03.jpeg,jany2.jpg,1098,1226,1228.74,false,true,hero-resolution-too-small,
med_e258721d749484e8b545688c,001142-7621fda6a32be16a370c86233fd0258ddccb9072.jpeg,Espadelles Margalef 2018.jpg,1362,910,1508.04,false,true,hero-resolution-too-small;exact-duplicate;near-duplicate;near-duplicate;near-duplicate;near-duplicate;near-duplicate;near-duplicate,
med_e28f03e1d9d23f3394858037,000160-48db5b38fa32910358f519bbd34918d4946492af.jpeg,Jenda Gorges du Tarn 2.jpg,3456,2304,935.68,true,true,,
med_e2a1c5c2d9d8aaf0ed2a7e34,001013-02650f706bc06d9e5f8b0726496ab08a290ae546.jpeg,Adam.jpeg,300,300,413.02,false,false,gallery-resolution-too-small;hero-resolution-too-small;near-duplicate;near-duplicate;near-duplicate,
med_e2aa83a07b73d311c13a87de,000810-5505d4e2c0ebe0cd758b06489353530cc2016f70.jpeg,Girls Climbing Camp.jpg,1200,358,1128.58,false,false,gallery-resolution-too-small;hero-resolution-too-small;exact-duplicate,
med_e37a5566bc3f81ebd8d97ef6,001404-c812879611fd6bb7bc70687cdd0296eb24cf1333.jpeg,Malaga Sport Climbing Guidebook - Guia de Escalada Malaga.jpg,400,572,1544.56,false,false,gallery-resolution-too-small;hero-resolution-too-small,
med_e395ee4a0317a7e90e007b17,000941-529739e053512a23c1f39843460dc59df0065358.png,Chimpanzee-logo.png,1000,760,8654.89,false,false,gallery-resolution-too-small;hero-resolution-too-small,
med_e3c10dc59b31acf2303ef3a2,000320-0ab73a29ac5e033ee2ec08b67447c337db9b8e16.jpeg,albarracin10.JPG,4000,2672,793.64,true,true,,
med_e3eb19c9f9955ba29c34ceb6,001168-10e8e05980203f0e74da84882218653df44a67a7.jpeg,Alex Frankenjura 6b+ rockbusters.net 1 DEMO_001.jpg,3437,1897,1787.18,true,true,exact-duplicate,
med_e40d54b80d94d65896de0ba1,001079-52677972f43b613288d43aa3d1ed9d22fdfdd710.jpeg,Bouldering Albarracin,4000,2672,591.03,true,true,near-duplicate,
med_e419390bb48b5eb386e5ceda,001337-4de458bf91b210baee046c2d7875256e4c0d15ae.jpeg,WhatsApp Image 2023-07-09 at 16.44.091.jpg,900,1600,1049.61,false,true,hero-resolution-too-small,
med_e42449d62e925ef84f9ea0a0,000365-7dd8813160a521749652b02923e0ead6f8c2f1fa.jpeg,maria basque country.jpg,800,1199,2517.9,false,false,gallery-resolution-too-small;hero-resolution-too-small;exact-duplicate,
med_e45e0735a39d422914ab291d,000317-783ce7847e972dae4285f2589596e76e6620b28f.jpeg,albarracin7.JPG,4000,2672,590.04,true,true,near-duplicate,
med_e468da783a8ad41f0cc23b2a,001152-1a66ded5089bebeeea572766356565d0fccb4718.png,Klattermusen_Logo_Embroidered_Ror_ej_1300x500_large.png,806,358,1775.17,false,false,gallery-resolution-too-small;hero-resolution-too-small,
med_e4e09e10002bf51b3c09241f,000224-a0d366a7a63d6e2ed943a8a6d46023123cf0458f.jpeg,Laszlo Rodellar 2.JPG,2248,4000,3511.25,true,true,,
med_e5010bbb0a0a0d54afe323b9,000376-869884dcb7731ea9c379bc70c84de5eaaee2e461.jpeg,cuenca city.jpg,800,600,1785.39,false,false,gallery-resolution-too-small;hero-resolution-too-small,
med_e541c289c84ece543b299f59,000697-ea89984c7b17bec8874bfd7ffda3e25c9311c7a3.jpeg,Oltre Finale.jpg,1300,867,2170.18,false,true,hero-resolution-too-small,
med_e55490bb30ac5b435063899a,001439-f07302ee37f5316ec051d23fdd544a678378e83b.jpeg,DSC08517.JPG,1196,798,1912.12,false,false,gallery-resolution-too-small;hero-resolution-too-small;exact-duplicate,
med_e593512dabfc27961dc8cfc4,000276-de0bf4d71f3bf990b264dfb263c7799f6df7f6d4.jpeg,Rockbusters_Sella.jpg,960,720,748.98,false,false,gallery-resolution-too-small;hero-resolution-too-small;exact-duplicate,
med_e61cdf78cb40efaee6150178,000954-08f9ae9455030b85fe1b41e2e40e1f7e957527fc.jpeg,IMG_1387 copy.JPG,1350,900,1221.78,false,true,hero-resolution-too-small;exact-duplicate,
med_e651c87f95b550e2653466c3,000823-d3854dad227bfac26cac001343089ce04a4d9bdc.jpeg,Mike Gorges du Tarn www.rockbusters.net (2).jpg,1200,358,1122.65,false,false,gallery-resolution-too-small;hero-resolution-too-small,
med_e6535abca34f0f45eff22f97,000353-00d13e0f880fbd985e252acebda2b648ed7fcbdf.jpeg,Albarracin.jpg,800,600,1391.61,false,false,gallery-resolution-too-small;hero-resolution-too-small,
med_e66defed3384ffc1a1010530,000982-ccd5a854526618bb4c230178354caae7b18c18b0.jpeg,jany cala Barquez Deep Water Solo Mallorca Rockbusters.net.jpg,1300,713,1083.55,false,false,gallery-resolution-too-small;hero-resolution-too-small,
med_e6760d12ebb6e3bc1a0dc939,001297-9f17fb5712ea8c6da4dcd71b99fbdd3144fbcdc7.jpeg,sara mikolaskova 2.jpg,892,891,501.52,false,false,gallery-resolution-too-small;hero-resolution-too-small,
med_e6d9ea466015254057017af7,000522-9e398d5eefee5de6b1ced6acf0509dd8320e703d.jpeg,vilanova de meia Fin de via.JPG,4000,3000,2460.46,true,true,,
med_e7021d0d9fc70e9593df6251,000753-848ef3878b7d44431e500099a08cafa46911331f.jpeg,_E2B4367.jpg,2250,1500,3443.3,false,true,hero-resolution-too-small,
med_e725b00d7a6ac0e40643e974,000847-7bfd753cc6cb0a7581d2cf7b8f0a12a779441fdb.png,Screen Shot 2018-02-24 at 15.20.47.png,1271,775,519.3,false,false,gallery-resolution-too-small;hero-resolution-too-small;exact-duplicate,
med_e75a7723a453391a503bb239,000213-940f78498a668cee6a910768652c5d568b424edb.jpeg,alex margalef 3.jpg,886,960,1469.05,false,false,gallery-resolution-too-small;hero-resolution-too-small,
med_e78c20d7b9c4cc0274726826,000451-0346f3ae4fd7c9e293746191a777d33ffb0299d5.jpeg,spinel.jpg,304,267,1546,false,false,gallery-resolution-too-small;hero-resolution-too-small;near-duplicate;near-duplicate,
med_e7b3c62a53ec41969a72c145,000056-7dc3df61d2ee2580ade70be108d87155c7481524.jpeg,climbing_ceuse4.jpg,612,448,4206.85,false,false,gallery-resolution-too-small;hero-resolution-too-small,
med_e7deb12ab3dfb141e73d6d9a,000726-4dafe5fb4549b114f1cbfd67b68f55945f8493ae.jpeg,klemen_2.jpg,1600,1143,3065.02,false,true,hero-resolution-too-small,
med_e82fbd8d846ad5e42e244481,001163-ccaf5f7ad26410b3ea1211c518d5fb0549aeb306.jpeg,Alex Frankenjura 6b+ rockbusters.net 1 DEMO_001.jpg,4021,1794,2546.42,true,true,exact-duplicate;near-duplicate,
med_e86dbe8c14879a05972bc178,000937-bbb320e4620df524929989188bcd04ca2aa11c64.jpeg,zbynek.jpg,296,294,3007.23,false,false,gallery-resolution-too-small;hero-resolution-too-small;near-duplicate;near-duplicate;near-duplicate,
med_e892727796f5ea213554cb93,000242-c4809bcc5e27db5137322836b6072cd0ec2d85fa.jpeg,Shawn Rodellar 3.jpg,1039,2062,1305.55,false,true,hero-resolution-too-small,
med_e8a31d87ab310ec2d95be37f,000035-1b814a40b0c63cc9e47bbd4c22fd2903fc78be0d.jpeg,Céüse climbing,1576,2243,1195.29,false,true,hero-resolution-too-small,
med_e8b8ea014c202ac404c22848,000203-182d0e64d0273c591b71753ae3aa88e6f5b707b1.jpeg,Zach Margalef 2.jpg,1751,2052,394.38,false,false,focus-review;hero-resolution-too-small,
med_e8e7061b7c311d8ed2c82633,000904-2ccad581613dbca5982dc9dde454bd38cb819b45.jpeg,Jason Oltre Finale www.rockbusters.net (2).JPG,1300,867,1610.83,false,true,hero-resolution-too-small;exact-duplicate;near-duplicate,
med_e8e8a5ebb00b5bc68a796e0e,000693-dbb7370c9b257d7347a60376890e7c6a6618c7ab.jpeg,Singing Rock Oltre Finale.jpg,1300,867,1057.8,false,true,hero-resolution-too-small,
med_e936fa46530969af938f7aa8,000544-d4006ab77ef5aa991b8a708af7a797c80a424caa.png,JaviPec_Logo.png,986,452,4187.01,false,false,gallery-resolution-too-small;hero-resolution-too-small,
med_e94a3227cbd8f9982622b5fe,000480-fe64912415361faf99b7ab9299ec94d07f8e2ac0.jpeg,collegats2.JPG,3456,4608,2193.06,true,true,,
med_e9c050f91419fc41fda50ef6,001240-5fd8f7e8f72fc32259932fd3277bbb7e7faa073d.jpeg,Yann 9- Frankenjura 2021 rockbusters.net 1.jpg,4185,2790,1344.2,true,true,,
med_e9d6f52b449ff780156d9aef,000198-2a5c04b67b0831fe82a39970ab6ea2caf6f87e6f.jpeg,Mike Margalef 2.jpg,4000,2248,551.29,true,true,,
med_e9db9113069c4532e42e4a6d,000958-9c5881aab4d91646f574d2a9483b0499dc30debb.jpeg,IMG_1348 copy.JPG,1350,2025,2024.66,false,true,hero-resolution-too-small,
med_e9e47635ff4669239db9d315,001241-702323ef343ad8206e7dd25f58dbb333c4378b99.jpeg,Yann 9- Frankenjura 2021 rockbusters.net 1.jpg,4185,2790,1344.2,true,true,exact-duplicate,
med_e9e5ff14c4b093899021aa6d,000999-e47dfb544011ed21619a5ff32910a9da081e89e0.jpeg,rich.jpg,491,491,342.48,false,false,focus-review;gallery-resolution-too-small;hero-resolution-too-small;exact-duplicate;near-duplicate;near-duplicate,
med_ea29a07db973a6f9ae7b3dde,001080-865668ed23ddbb01a9624827376c42bd44830fba.jpeg,Bouldering Albarracin,4000,2672,354.72,false,false,focus-review;near-duplicate,
med_ea3d1a3bcf75e2b5ca27ad12,000882-e63072a0ad17e9ba52e59bbee63a5677808fd273.png,Screen Shot 2018-04-11 at 10.24.06.png,1137,647,1331.98,false,false,gallery-resolution-too-small;hero-resolution-too-small;exact-duplicate,
med_ea6ba889f41e1ceb7f5a4715,000040-5bc675c32dd5f7b3f856bba3bad780a8e7b079e0.jpeg,Kim Ceuse.jpg,4000,2248,446.4,true,true,,
med_eae9cf9a99d81ec1b723315b,000324-1adb80b352eadeca40636986d93174c2229ae6aa.jpeg,albarracin14.JPG,4000,2672,872.81,true,true,,
med_eb02012591b419118f6b0f93,000212-007b873fbdcd596531c6497f9f3c8303e735dc45.jpeg,Zach Margalef.jpg,2138,1829,483.78,false,true,hero-resolution-too-small,
med_eb08f161723732689524fa28,001044-e58e450ad5e50f389a860c543e72bb5d3baba2c5.jpeg,ben.jpeg,500,500,678.18,false,false,gallery-resolution-too-small;hero-resolution-too-small;near-duplicate,
med_eb804b12aa704d70f3721d1c,000936-09c62341caf119b41089fed036012ae9a4933c42.png,klemen becan.PNG,396,42,7167.18,false,false,gallery-resolution-too-small;hero-resolution-too-small,
med_ec2eae5aea348fb05d95cf6e,000948-384830b4085ad93f68cfb05ba183e3a0fbdf2b42.png,chimpanzee patch.png,2543,2542,9392.76,true,true,,
med_ec6119ebd341fe684392f036,000234-445a1f7bb53cd38469c7aeb11dec8318935a775d.jpeg,Rodellar 1.JPG,2248,4000,1174.88,true,true,exact-duplicate,
med_ec654b949d9ae1770a1e4d57,001196-e3ba37105d4cbafdb4a975d07e7f372d62971d9c.jpeg,riglos.jpg,1400,1050,888.55,false,true,hero-resolution-too-small;exact-duplicate,
med_ec7a3dc3e5b62f4af58f728e,000062-9d36ea9aec7c88056ec379e24ad950825c2c70e6.jpeg,Conchi Labske Udoli 2.jpg,1258,2224,1261.05,false,true,hero-resolution-too-small,
med_ecec31d23cd918d1a28946de,001322-f3a65389d4b907bbef7631c53ca865fd5696277a.jpeg,Matej.JPG,369,369,373.68,false,false,focus-review;gallery-resolution-too-small;hero-resolution-too-small;near-duplicate;near-duplicate,
med_ed23c80e165ee68567164f34,001386-c8799d81db49f76c11b799b9747e17a2feed5b8e.jpeg,"Parque_Nacional_dos_Picos_da_Europa,_Lago_Enol_(23499248762).jpg",960,719,2384.64,false,false,gallery-resolution-too-small;hero-resolution-too-small,
med_ed5d7670313d766c85bdb674,001390-1849ed6a0c6bf616fb21f12280022c6d9d6a0f80.jpeg,Luci 6b+ Ceuse rockbusters.net 2.JPG,1337,891,1986.76,false,true,hero-resolution-too-small;exact-duplicate,
med_ed8918d8f96d7ffedb6634d4,000288-a4c80db840dad703221dcd67cab7125563e8b726.jpeg,DSC_0314.jpg,1994,2415,1979.23,true,true,exact-duplicate,
med_ee436d55f5db682cefbb16c4,000338-dfc6aeabfec3f5b278d149e37f9091fdd3e05220.jpeg,albaracin janek.jpg,800,600,1818.09,false,false,gallery-resolution-too-small;hero-resolution-too-small,
med_ee87bad801877edbcfe344fc,000629-ce9cc80867a5eb1f1cb70d4d3750a0b67cbe74ff.jpeg,adam ondra profil.jpg,1424,2144,710.01,false,true,hero-resolution-too-small;exact-duplicate,
med_ee89ae02eca6410479c051fa,000684-621e5b86b5d461410db6c6e451d8508fae1463f1.jpeg,Linda Oltre Finale (2).jpg,1300,867,616.32,false,true,hero-resolution-too-small,
med_eed6f588a32800c6a52a5895,000525-84f8216d37a0381cc7058f7816ec8e2d8e572cdc.jpeg,vilanova de meia Una de las paredes de Vilanova.JPG,3000,4000,879.5,true,true,,
med_eeda9f775c4e59399b196b20,000070-2d88678017f5b396c7cc24902295653524e43de3.jpeg,Zach Labske Udoli 2.jpg,3149,1788,606.59,true,true,,
med_eef1c2b8bce9fe5519cf8876,000144-fdf4153fdba1b00b170f0f301a5ac0ce80d7237b.jpeg,FinaleSilencio5.jpg,900,599,1794.86,false,false,gallery-resolution-too-small;hero-resolution-too-small;near-duplicate,
med_efa5dfe300163e806470dde2,000635-29dd953e3341e4b42e0d0bac49648d07c0080627.jpeg,Patxiedit profil.jpg,400,400,440.16,false,false,gallery-resolution-too-small;hero-resolution-too-small;exact-duplicate;near-duplicate;near-duplicate,
med_efcc0d3494ccaf4a5bb69d2a,000102-52889664c6ac95318fff6965e1e475bab5d38af0.jpeg,Ray Zillertal 3.jpg,3183,1749,1041.46,true,true,,
med_efcf2a5ef056ab79a6dd3ad3,000710-1d47b7c0985b9252a68fe8216bab7fa39a8685b0.jpeg,Les Calanques2.jpg,1000,664,1766.28,false,false,gallery-resolution-too-small;hero-resolution-too-small,
med_efe2f60cde95758341c11f97,001192-bd6b6c52bb93544add1f7664c32fb717ab26b5bf.jpeg,edu marin.jpg,997,997,538.28,false,false,gallery-resolution-too-small;hero-resolution-too-small,
med_f04eb347a230158dc805d920,000197-5140fc8f1a155b13a50e81752b78f82e52e27e7c.jpeg,Kerstin Margalef.jpg,1802,2229,790.75,false,true,hero-resolution-too-small,
med_f0528956eb03bc059aeb2a8c,000952-a0f1e23eece028b44713da80edbb6986ab5fe70c.png,KB-climbing_Logo-2_K.png,1200,1200,214.12,false,false,focus-review;hero-resolution-too-small,
med_f05b4344eb8fa49b85fb2f1d,000319-c9f0b903d4d6336ac3db79d739ead46222ae8848.jpeg,albarracin9.JPG,2672,4000,1160.46,true,true,,
med_f0719ddf05a66688593c0307,000120-1a3c3d3dcc09d02262fa7a134c86dfa280f27cce.jpeg,Jan Finale Ligure.jpg,2228,2087,1009.51,false,true,hero-resolution-too-small,
med_f09b8d4eec0b0c41c21bfe73,001255-d33bd96102ec1a2d71cbec60b2d510aafe8cf599.jpeg,"Carlos, 6b, somewhere in Catalunya, Patxi Usobiaga Advance Sport Climbing Course rockbusters.net.jpg",4639,3093,3311.29,true,true,exact-duplicate,
med_f0bf0961335521b91644acf8,000273-5d2c5a940e489ce82541b6eec6b393400f9dd00a.jpeg,Petra_Rockbusters_Rodellar1.jpg,528,494,2363.75,false,false,gallery-resolution-too-small;hero-resolution-too-small;exact-duplicate,
med_f109ffaf65e01078eeb91076,000947-1059ceb949d19db7983a7ac2337c94c7486ce4b3.png,chimpanzee patch.png,2543,2542,9392.76,true,true,exact-duplicate,
med_f13c89bedde071d82ad08a0f,000318-2ccbb895a43c1d0ebe63c45c7c06420ede64dd12.jpeg,albarracin8.JPG,4000,2672,612.75,true,true,,
med_f1520cfdfbc6be36bbe1d774,001189-3f84c05110a8bdd7fb8e4a01c9b99d58bf684aa6.jpeg,Les-gorges-du-Tarn-Lozere.jpg,796,517,1794.62,false,false,gallery-resolution-too-small;hero-resolution-too-small,
med_f189e9d1550e003baac41ce3,000815-87fa04288a347304e373b63e606053c0e5e0a304.jpeg,Jany Ceuse.jpg,1200,358,1709.81,false,false,gallery-resolution-too-small;hero-resolution-too-small;near-duplicate,
med_f190873244e2fe0d78bbe0e2,000552-2b35f79d5fda8c50aed2595e27d388e4196b7f58.jpeg,Rodellar Ventanas 1.JPG,2248,4000,797.82,true,true,exact-duplicate,
med_f19e209dcd9c8cb87f022fbd,000087-b0ba6ae1df374287ed8ec6dc8821b0086596c81d.jpeg,Frankenjura05.jpg,612,448,3065.2,false,false,gallery-resolution-too-small;hero-resolution-too-small;near-duplicate,
med_f1ff69d7feabf84b1df68934,001408-300b82fa7c245ccdab27aca8606f0772c86a4b3c.png,Screenshot 2025-12-27 103442.png,868,869,482.58,false,false,gallery-resolution-too-small;hero-resolution-too-small,
med_f2536f35b8ae2f49fc083675,000506-7d08d7f7094f9a8bda38bf91ced867d570d5389b.jpeg,Monserat La aguja Caval Bernat. La vía punsola sigue todo el perfil.JPG,4608,3456,61.03,false,false,focus-review,
med_f26a3b79354945fe6faffb7d,001281-10c882908b7bb068c50a2c3ef39c115df52df77b.jpeg,big_project_klemen_004.jpg,1200,857,4187.46,false,true,hero-resolution-too-small;exact-duplicate,
med_f35701e8c12d5cbd0913c505,000551-f3c167fb20e62d1d5dd8783b2ffaa76251ef1741.jpeg,Rodellar 3.JPG,4000,2248,1377.74,true,true,exact-duplicate,
med_f37afb4f7affc48f3a339b44,001291-96bd7422bc3c156627efb70713c377c8b285c793.jpeg,Beginner Learn to Lead in Frankenjura 2021 rockbusters.net_001.jpg,5193,3462,2615.57,true,true,exact-duplicate,
med_f3924a4c748bdaecf988aa7e,000535-cafb6acf5fcc4fc392e5c5ec4a3f6b9e779be2bd.jpeg,trad multi pitch1.JPG,4608,3456,3360.15,true,true,exact-duplicate,
med_f3a0d7445c9d29047533610e,000877-daa6d414919f13ef2622dc96922d93258b88f7f5.png,Screen Shot 2018-04-06 at 12.43.24.png,1416,795,1118.34,false,false,gallery-resolution-too-small;hero-resolution-too-small,
med_f3b2059bb3e0201c02a06b4c,000394-5347c99b0f57c31fcbbf4eb6d1e8173bdb8bd7df.jpeg,finale.jpg,800,579,995.45,false,false,gallery-resolution-too-small;hero-resolution-too-small;near-duplicate,
med_f3b5443060fda76b4fb8da4d,000723-41f91cff14a3a32dda72397cdaa3f4aee022d778.png,logo_transparente.png,320,188,1102.21,false,false,gallery-resolution-too-small;hero-resolution-too-small;near-duplicate,
med_f3b9786a025255fd42ccfbd7,000705-73d87227e6c087f386852b9cabf0d6e6d62e8671.jpeg,LaGonte1.JPG,3872,2592,1357.19,true,true,,
med_f3daff0e718a9dfb6401eef9,000263-5b917fd6890ab73df756acadffa0b7396f943edc.jpeg,DSC_0974.JPG,2000,3008,1761.63,true,true,,
med_f3f125c1d6d429f1b01154a7,000475-f6ef4fc21891daa7710dbc9ee61f33524b60c097.jpeg,collegats Sang de crack.JPG,3456,4608,1354.36,true,true,,
med_f3f178b7fdde8602016f0e08,001405-d22258aed74002986d4a00e683f89c4ae06978ed.jpeg,Rock Climbing in Southern Malaga Guidebook.jpg,400,588,3168.41,false,false,gallery-resolution-too-small;hero-resolution-too-small,
med_f3f30c648aaaa4d2a1344b4f,001095-33a5040b2943269c776fa4fa179f04c29a0e29f0.jpeg,Finale Ligure www.rockbusters.net (5).jpg,1300,867,467.66,false,true,hero-resolution-too-small,
med_f40a37e794d246f55d5ef8fc,001026-cabbb0c49d60c10981e6565f7f1962bac1200c3d.jpeg,Peava.jpeg,300,300,1759.36,false,false,gallery-resolution-too-small;hero-resolution-too-small;near-duplicate;near-duplicate;near-duplicate;near-duplicate,
med_f477344465e61f645a69382a,001284-db203fd197027a9405d762888cc6cfc7712647b3.jpeg,balkan-trip-cievna-canyon.jpg,1200,680,1747.64,false,false,gallery-resolution-too-small;hero-resolution-too-small;exact-duplicate,
med_f496b8d74bb18f56c0ae4b8f,000915-e1962e57314c9c370e60b1360ce342cb827f1fe6.jpeg,"Jany, Chamonix, Aiguille du Midi, Contamine 7a+, rockbusters.net.jpg",816,612,1902.65,false,false,gallery-resolution-too-small;hero-resolution-too-small,
med_f4db2897858d3d1d76cbbe71,001437-630e4046e6d2d80db96462c65d9e6f57d7195c58.jpeg,Luci 7b Margalef 4.JPG,1143,762,2032.97,false,false,gallery-resolution-too-small;hero-resolution-too-small;exact-duplicate,
med_f4ed936310fb5e48e69c7882,001292-f89d753359db6904af97e9d7087a2efadddfdb32.jpeg,Klemen Klondike Cat 11- Frankenjura rockbusters.net 9.jpg,4375,2917,1349.36,true,true,exact-duplicate,
med_f4fe6f0150336271cb5f1d2e,001347-8fcbbedbc3a27b22bf0ef0fee9efae2ba76c2951.jpeg,unnamed.jpg,800,400,6173.12,false,false,gallery-resolution-too-small;hero-resolution-too-small,
med_f505dbcba64d9e42be7a453c,000058-d84a0c46a2393b611f4d6a2277af3e835c4cbee4.jpeg,rock_climbing_ceuse6.jpg,612,448,1843.56,false,false,gallery-resolution-too-small;hero-resolution-too-small;near-duplicate,
med_f51b2b48ffe17b546e38cc28,001396-45fadfb7398f9f6c4a5752874da6bea6b76bc799.jpeg,WhatsApp Image 2025-10-23 at 12.02.01_4303c07f.jpg,1600,900,2550.75,false,true,hero-resolution-too-small;exact-duplicate,
med_f526f239be6ce550748f7c3c,000584-f08266a9d8b6858b768ff58f0dfa194fcc5daf85.jpeg,Anne2-Sella-ClimbingSpain2016-Rockbusters.net.jpg,3106,1320,1348.7,false,true,hero-resolution-too-small,
med_f5634e93347b61c848e9bb47,001262-39ec4af63a46cfb9e3ad1bcf165f2010303f809a.jpeg,"Patxi, 8b, somewhere in Catalunya, Patxi Usobiaga Advance Sport Climbing Course rockbusters.net.jpg",1989,2983,2783.72,true,true,,
med_f569d404a79c73313e4b4165,001268-7f7ce6f9ebbf8cc1602409ec423c4883df2bbe42.jpeg,"Rado, 7b, somewhere in Catalunya, Patxi Usobiaga Advance Sport Climbing Course rockbusters.net 1.jpg",2995,1997,2807.61,true,true,,
med_f575e1381f3754361341da5d,001424-e373526b29487533f4bd13e09e4205c1b59706d5.jpeg,20230626-Rockbusters-Maltatal-Day-2-2217.jpg,2048,1366,1189.98,false,true,hero-resolution-too-small;exact-duplicate,
med_f5cec171a816a6358101e842,001397-a46bbc4b2e060f6628d4307328e90a5f4e45a114.jpeg,WhatsApp Image 2025-10-23 at 12.02.00_d0ae1427.jpg,1110,1143,3058.07,false,false,gallery-resolution-too-small;hero-resolution-too-small;exact-duplicate,
med_f67414af4ac334b030d467ed,000880-8872fa6240041679aa123244d88a2a5ae36df669.jpeg,malta climbing.jpg,395,280,3243.69,false,false,gallery-resolution-too-small;hero-resolution-too-small,
med_f74a25dfbf56ea32034ec6d3,000474-a2e5459ebe6d21a97a9b0541420d8cac3d9ca985.jpeg,collegats Sang de crack.JPG,3456,4608,1354.36,true,true,exact-duplicate,
med_f769c57888a4cf1d2cbbb20e,000218-673122df5c012ece823bc0ad1024bf85b64bb518.jpeg,ed margalef 4.jpg,960,732,2075.79,false,false,gallery-resolution-too-small;hero-resolution-too-small,
med_f7714a2f131039a663d3e13b,001158-b7006d2b62846596d50acde359c2a50335bb324b.jpeg,pablo la sportiva demo.jpeg,1600,1030,2377.89,false,true,hero-resolution-too-small;exact-duplicate,
med_f7787909b92e90ffd6948a69,000477-d487a0add4ffd3fde6a3b97ccc5d988f084816c4.jpeg,collegats.JPG,2304,3456,917.4,true,true,exact-duplicate,
med_f7c2c407781a483d7e431089,000103-c6911dd0695b7dd8b5e0db136cea89d5b1ef4b59.jpeg,Ray Zillertal 4.jpg,1268,720,1880.9,false,false,gallery-resolution-too-small;hero-resolution-too-small,
med_f8a1a6607c70015952dd6449,000296-08d0a73ec3606b7358c1fe96b97087b725cb4585.jpeg,IMG_8836.JPG,3456,5184,1524.86,true,true,,
med_f8a4f975e4108689910404d7,000227-6614efdd2a3a2a3f52be34a2163261d376dbcb6f.jpeg,Medya Rodellar 1.jpg,3770,2248,1369.48,true,true,,
med_f8d73c1cdb1722438698672a,001274-2508e03acd65255bcca49032b163c18058940948.jpeg,"Rafa, 7b+, somewhere in Catalunya, Patxi Usobiaga Advance Sport Climbing Course rockbusters.net 2.jpg",4527,3018,2657.42,true,true,,
med_f91b14ca46b1929a6357b2b7,000905-3ab70f820832dce5b2016c63d5c6d6998d7823e5.jpeg,Jaime 1 Zillertal.jpg,1955,1319,2108.14,false,true,hero-resolution-too-small;exact-duplicate,
med_f941eb708d932d794ff899a7,000708-09dd7409e2dc29a893ecf870a74d54dc49dee640.jpeg,Les Calanques.JPG,2736,3648,1693.48,true,true,,
med_f9747510568bc97db7e93fda,001077-a3d185c81bf1e5638f0e6e125c75fcb1e4bd6d7f.jpeg,Bouldering Albarracin,2816,2112,2196.22,true,true,,
med_f9c1c93f56f575d851d5cf6f,000725-07010db9d8cf51a052d66512a8f87e6293b5cdfb.jpeg,big_project_klemen_004.jpg,1200,857,4187.46,false,true,hero-resolution-too-small;exact-duplicate,
med_f9da4f4fb22e2329615a94a5,000256-e69afb13469fe9d74624b00e25ac911ca57ad0de.jpeg,clients_Rockbusters_CeskyRaj1.jpg,274,206,1742.09,false,false,gallery-resolution-too-small;hero-resolution-too-small,
med_f9f48e0f1035dc041e02881d,000044-dece3568ebb71e47329204be8af19d1bfea8a013.jpeg,Michel Ceuse.jpg,3141,1647,2347.36,true,true,,
med_f9fbba114db9f01209c7783b,001136-39a88a7b19f3a04bed2229f9290dd6891af6cdf0.jpeg,Espadelles Margalef 2018.jpg,1362,910,1562.68,false,true,hero-resolution-too-small;exact-duplicate;near-duplicate;near-duplicate;near-duplicate;near-duplicate;near-duplicate;near-duplicate;near-duplicate;near-duplicate;near-duplicate;near-duplicate;near-duplicate;near-duplicate,
med_fa2be3405e6175d2ced9b83c,000009-981d4882fbc653c938e69f9ad2bc7c5f8d88c247.jpeg,area.5.jpg,800,533,1300.17,false,false,gallery-resolution-too-small;hero-resolution-too-small,
med_fa352f5e232d77083c897dad,000086-522e3ce260a0c18a5581670c0b47c263ebc10275.jpeg,Frankenjura04.jpg,612,448,2397.11,false,false,gallery-resolution-too-small;hero-resolution-too-small;near-duplicate,
med_fa693194a6f91e17f3cdf8c4,000876-deb5f8ffe8ae8a12da157e07ec0ae24c860d06d1.jpeg,news-interview-klemen-14.jpg,1280,660,1594.68,false,false,gallery-resolution-too-small;hero-resolution-too-small;exact-duplicate,
med_fa70e93193c25c2ad395f8cf,001351-e12d43d7a5a023b50f77ec15387db2540c5ce23c.jpeg,Training 4.JPG,933,628,3221.27,false,false,gallery-resolution-too-small;hero-resolution-too-small,
med_fa775ac60d23f7f486b5cbd8,001019-bd62ed25da757b7973440b612c591a079e2fe00b.jpeg,Pajka.jpeg,300,300,601.95,false,false,gallery-resolution-too-small;hero-resolution-too-small;near-duplicate;near-duplicate,
med_fb7a59cb303d9009dbf6f5c8,000659-a690fd50462f17697ae0f19ca7a6d3e92cb92054.jpeg,"Jan DWS mallorca, cala barquez.jpg",1300,867,1798.25,false,true,hero-resolution-too-small;near-duplicate,
med_fb9445a550636bf651f26c53,001378-28c242df9bd673dead118823b621f5a8e0c2e39f.jpeg,1.jpg,1080,1080,854.1,false,false,gallery-resolution-too-small;hero-resolution-too-small,
med_fb9e489199a4aeda1060102a,000735-795ac6b305b8097e6f2cb024fe5c91505fdd54b7.jpeg,Klemen Bečan.jpg,1275,717,1608.53,false,false,gallery-resolution-too-small;hero-resolution-too-small;exact-duplicate,
med_fbb0e7fb956e55514df4324c,000603-ba76987ec947a37e8f88773ca35e76b82e54e375.jpeg,Nan2 Siurana_ Spanish Climbing Trip 2016.jpg,2600,3880,3206.63,true,true,,
med_fbd0db885e17b2c0f4709cfb,001003-94f7c10545af3ab80f8f242946b37aec755ce973.jpeg,thumb_722_avatar_big.jpeg,261,261,112.65,false,false,focus-review;gallery-resolution-too-small;hero-resolution-too-small;near-duplicate;near-duplicate;near-duplicate,
med_fc159f81ef1215bbc3507d39,000423-91b41ae415f406345ee2ba0f8965ba0e1f6b6204.jpeg,mallorca deep water solo rockbusters.JPG,4000,2248,552.33,true,true,,
med_fc5dc7c8c5159069ea0f8bc0,001310-dfb91a8475f9c79a9e1169eade110d18742ff02b.jpeg,PHOTO-2021-10-09-20-41-07.jpg,1066,1065,279.02,false,false,focus-review;gallery-resolution-too-small;hero-resolution-too-small,
med_fd15af81a3077c15368b13e7,000553-8373252ad3fb72bec2b9fe735155c96af46ed0a7.jpeg,Rodellar Ventanas.JPG,3648,2048,2513.64,true,true,exact-duplicate;near-duplicate,
med_fd5e165ddf33619a0f3700bb,000826-3619230d0be9df57d1765c52b989fa2c4e90d8c1.jpeg,Petra Rodellar 1.jpg,1200,358,4194.93,false,false,gallery-resolution-too-small;hero-resolution-too-small,
med_fda0c8d865b9c7ac16428c8a,000626-e5d301ee22babafd7d836568bbd6be0b1a6d63ee.jpeg,happyJanydetail.jpg,1401,1783,1900.39,false,true,hero-resolution-too-small,
med_fdaead2bacf19346a937e72b,000783-948c3ab0c21c45060655dece8ad2b64c1daff792.jpeg,bouldering Albarracin 2.jpg,3988,1190,932.24,false,true,hero-resolution-too-small;exact-duplicate,
med_fe499af88e6e6a3753223bf2,000685-14eff310d941ae890d354bf4bf5f788485bae9a4.jpeg,Linda Oltre Finale.JPG,1300,867,846.32,false,true,hero-resolution-too-small,
med_fe7d4db307364b3643d2231d,001457-531cb5b016086248c16728ddf529f13196442d3c.jpeg,WhatsApp Image 2025-10-23 at 12.02.00_d0ae1427_1.jpg,1110,709,2843.55,false,false,gallery-resolution-too-small;hero-resolution-too-small;exact-duplicate,
med_fe95404cbbc3f71a89375c0c,000986-b4fc834f12922db2626bbe6096300c5cb115fa05.jpeg,DailaOjeda.JPG,640,640,1099.49,false,false,gallery-resolution-too-small;hero-resolution-too-small;exact-duplicate;near-duplicate;near-duplicate,
med_feac5b5697cf05044603abd3,000132-96dbf3808291f84300182086eb4b1b402fad4d31.jpeg,Minoru Finale Ligure 2.jpg,1429,1552,889.13,false,true,hero-resolution-too-small,
med_ff5568e1ea361fd2f99e5428,000730-005e39df3685ef936736fb853bdbc867dc9631cb.jpeg,Klemen Bečan 4.jpg,1350,900,1064.46,false,true,hero-resolution-too-small,
med_ff582af1bc0e7cead4991f60,001036-96b3a8e4a4037afdbe1b784d9ec0a984c39e53c4.jpeg,Patxi.jpeg,500,500,257,false,false,focus-review;gallery-resolution-too-small;hero-resolution-too-small;near-duplicate;near-duplicate;near-duplicate,
med_ff8f095fe731a0d257e3cbb1,000573-b8a5a8915535573fb9bc7d1dbf47db6245e53b94.jpeg,Kalymnos4.jpg,720,478,1548.18,false,false,gallery-resolution-too-small;hero-resolution-too-small;near-duplicate,
med_ffeeeb98cf9bb73326222a45,000674-81706b306ba0e7185ba2d5f54f3440ffba2b4c87.jpeg,Quim Charizze Ceuse.jpg,1300,867,2259.4,false,true,hero-resolution-too-small,
